Index,Segment,Country,Product,Discount Band,Units Sold,Manufacturing Price, Sale Price ,Gross Sales,Discounts,Sales,Cost of Goods Sold,Profit,Date,Month Name,Year
0,Government,France, Paseo , Low ,3945,10.0,7.0,27615.0,276.15,27338.85,19725.0,7613.85,2014-01-01, January ,2014
1,Midmarket,France, Paseo , Low ,2296,10.0,15.0,34440.0,344.4,34095.6,22960.0,11135.6,2014-02-01, February ,2014
2,Government,Canada, VTT , Low ,1326,250.0,7.0,9282.0,92.82,9189.18,6630.0,2559.18,2014-03-01, March ,2014
3,Government,France, Paseo , Low ,1030,10.0,7.0,7210.0,72.1,7137.9,5150.0,1987.9,2014-05-01, May ,2014
4,Government,France, Velo , Low ,639,120.0,7.0,4473.0,44.73,4428.27,3195.0,1233.27,2014-11-01, November ,2014
5,Government,Mexico, Carretera , Low ,1210,3.0,350.0,423500.0,4235.0,419265.0,314600.0,104665.0,2014-03-01, March ,2014
6,Government,United States of America, Carretera , Low ,2529,3.0,7.0,17703.0,177.03,17525.97,12645.0,4880.97,2014-07-01, July ,2014
7,Channel Partners,United States of America, Carretera , Low ,1858,3.0,12.0,22296.0,222.96,22073.04,5574.0,16499.04,2014-02-01, February ,2014
8,Enterprise,United States of America, Carretera , Low ,330,3.0,125.0,41250.0,412.5,40837.5,39600.0,1237.5,2013-09-01, September ,2013
9,Channel Partners,Canada, Carretera , Low ,1445,3.0,12.0,17340.0,173.4,17166.6,4335.0,12831.6,2014-09-01, September ,2014
10,Channel Partners,Germany, Carretera , Low ,766,3.0,12.0,9192.0,91.92,9100.08,2298.0,6802.08,2013-10-01, October ,2013
11,Channel Partners,France, Carretera , Low ,2671,3.0,12.0,32052.0,320.52,31731.48,8013.0,23718.48,2014-09-01, September ,2014
12,Small Business,Mexico, Carretera , Low ,494,3.0,300.0,148200.0,1482.0,146718.0,123500.0,23218.0,2013-10-01, October ,2013
13,Government,Mexico, Carretera , Low ,1397,3.0,350.0,488950.0,4889.5,484060.5,363220.0,120840.5,2014-10-01, October ,2014
14,Government,France, Montana , Low ,1375.5,5.0,20.0,27510.0,275.1,27234.9,13755.0,13479.9,2014-07-01, July ,2014
15,Midmarket,Mexico, Montana , Low ,2214,5.0,15.0,33210.0,332.1,32877.9,22140.0,10737.9,2014-03-01, March ,2014
16,Government,France, Carretera , Low ,2155,3.0,350.0,754250.0,7542.5,746707.5,560300.0,186407.5,2014-12-01, December ,2014
17,Small Business,United States of America, Montana , Low ,2498,5.0,300.0,749400.0,7494.0,741906.0,624500.0,117406.0,2013-09-01, September ,2013
18,Small Business,United States of America, Montana , Low ,2301,5.0,300.0,690300.0,6903.0,683397.0,575250.0,108147.0,2014-04-01, April ,2014
19,Enterprise,United States of America, Montana , Low ,663,5.0,125.0,82875.0,828.75,82046.25,79560.0,2486.25,2013-10-01, October ,2013
20,Enterprise,France, Paseo , Low ,787,10.0,125.0,98375.0,983.75,97391.25,94440.0,2951.25,2014-06-01, June ,2014
21,Government,Canada, Montana , Low ,1830,5.0,7.0,12810.0,128.1,12681.9,9150.0,3531.9,2014-08-01, August ,2014
22,Enterprise,Mexico, Paseo , Low ,1823,10.0,125.0,227875.0,2278.75,225596.25,218760.0,6836.25,2014-07-01, July ,2014
23,Enterprise,United States of America, Paseo , Low ,727,10.0,125.0,90875.0,908.75,89966.25,87240.0,2726.25,2014-06-01, June ,2014
24,Midmarket,United States of America, Paseo , Low ,1514,10.0,15.0,22710.0,227.1,22482.9,15140.0,7342.9,2014-02-01, February ,2014
25,Small Business,United States of America, Paseo , Low ,2905,10.0,300.0,871500.0,8715.0,862785.0,726250.0,136535.0,2014-11-01, November ,2014
26,Government,United States of America, Paseo , Low ,4492.5,10.0,7.0,31447.5,314.48,31133.03,22462.5,8670.53,2014-04-01, April ,2014
27,Midmarket,Germany, Paseo , Low ,747,10.0,15.0,11205.0,112.05,11092.95,7470.0,3622.95,2014-09-01, September ,2014
28,Government,France, Velo , Low ,3864,120.0,20.0,77280.0,772.8,76507.2,38640.0,37867.2,2014-04-01, April ,2014
29,Channel Partners,Germany, Paseo , Low ,766,10.0,12.0,9192.0,91.92,9100.08,2298.0,6802.08,2013-10-01, October ,2013
30,Government,Mexico, Velo , Low ,362,120.0,7.0,2534.0,25.34,2508.66,1810.0,698.66,2014-05-01, May ,2014
31,Enterprise,United States of America, Velo , Low ,663,120.0,125.0,82875.0,828.75,82046.25,79560.0,2486.25,2013-10-01, October ,2013
32,Government,France, Paseo , Low ,2155,10.0,350.0,754250.0,7542.5,746707.5,560300.0,186407.5,2014-12-01, December ,2014
33,Enterprise,Canada, Velo , Low ,923,120.0,125.0,115375.0,1153.75,114221.25,110760.0,3461.25,2014-08-01, August ,2014
34,Government,Canada, Velo , Low ,2092,120.0,7.0,14644.0,146.44,14497.56,10460.0,4037.56,2013-11-01, November ,2013
35,Government,Germany, VTT , Low ,263,250.0,7.0,1841.0,18.41,1822.59,1315.0,507.59,2014-03-01, March ,2014
36,Government,Canada, VTT , Low ,943.5,250.0,350.0,330225.0,3302.25,326922.75,245310.0,81612.75,2014-04-01, April ,2014
37,Enterprise,France, VTT , Low ,787,250.0,125.0,98375.0,983.75,97391.25,94440.0,2951.25,2014-06-01, June ,2014
38,Enterprise,United States of America, VTT , Low ,727,250.0,125.0,90875.0,908.75,89966.25,87240.0,2726.25,2014-06-01, June ,2014
39,Small Business,Germany, VTT , Low ,986,250.0,300.0,295800.0,2958.0,292842.0,246500.0,46342.0,2014-09-01, September ,2014
40,Small Business,Mexico, VTT , Low ,494,250.0,300.0,148200.0,1482.0,146718.0,123500.0,23218.0,2013-10-01, October ,2013
41,Government,Mexico, VTT , Low ,1397,250.0,350.0,488950.0,4889.5,484060.5,363220.0,120840.5,2014-10-01, October ,2014
42,Enterprise,France, VTT , Low ,1744,250.0,125.0,218000.0,2180.0,215820.0,209280.0,6540.0,2014-11-01, November ,2014
43,Channel Partners,United States of America, Amarilla , Low ,1989,260.0,12.0,23868.0,238.68,23629.32,5967.0,17662.32,2013-09-01, September ,2013
44,Midmarket,France, Amarilla , Low ,321,260.0,15.0,4815.0,48.15,4766.85,3210.0,1556.85,2013-11-01, November ,2013
45,Enterprise,Canada, Carretera , Low ,742.5,3.0,125.0,92812.5,1856.25,90956.25,89100.0,1856.25,2014-04-01, April ,2014
46,Channel Partners,Canada, Carretera , Low ,1295,3.0,12.0,15540.0,310.8,15229.2,3885.0,11344.2,2014-10-01, October ,2014
47,Small Business,Germany, Carretera , Low ,214,3.0,300.0,64200.0,1284.0,62916.0,53500.0,9416.0,2013-10-01, October ,2013
48,Government,France, Carretera , Low ,2145,3.0,7.0,15015.0,300.3,14714.7,10725.0,3989.7,2013-11-01, November ,2013
49,Government,Canada, Carretera , Low ,2852,3.0,350.0,998200.0,19964.0,978236.0,741520.0,236716.0,2014-12-01, December ,2014
50,Channel Partners,United States of America, Montana , Low ,1142,5.0,12.0,13704.0,274.08,13429.92,3426.0,10003.92,2014-06-01, June ,2014
51,Government,United States of America, Montana , Low ,1566,5.0,20.0,31320.0,626.4,30693.6,15660.0,15033.6,2014-10-01, October ,2014
52,Enterprise,Mexico, Montana , Low ,1660,5.0,125.0,207500.0,4150.0,203350.0,199200.0,4150.0,2013-11-01, November ,2013
53,Channel Partners,Mexico, Montana , Low ,690,5.0,12.0,8280.0,165.6,8114.4,2070.0,6044.4,2014-11-01, November ,2014
54,Midmarket,Canada, Paseo , Low ,2363,10.0,15.0,35445.0,708.9,34736.1,23630.0,11106.1,2014-02-01, February ,2014
55,Enterprise,Mexico, Paseo , Low ,662,10.0,125.0,82750.0,1655.0,81095.0,79440.0,1655.0,2014-06-01, June ,2014
56,Small Business,France, Paseo , Low ,918,10.0,300.0,275400.0,5508.0,269892.0,229500.0,40392.0,2014-05-01, May ,2014
57,Government,United States of America, Paseo , Low ,2013,10.0,7.0,14091.0,281.82,13809.18,10065.0,3744.18,2013-12-01, December ,2013
58,Midmarket,United States of America, Paseo , Low ,1925,10.0,15.0,28875.0,577.5,28297.5,19250.0,9047.5,2013-12-01, December ,2013
59,Channel Partners,France, Paseo , Low ,1055,10.0,12.0,12660.0,253.2,12406.8,3165.0,9241.8,2014-12-01, December ,2014
60,Small Business,Germany, Paseo , Low ,1728,10.0,300.0,518400.0,10368.0,508032.0,432000.0,76032.0,2014-05-01, May ,2014
61,Channel Partners,Mexico, Paseo , Low ,1084,10.0,12.0,13008.0,260.16,12747.84,3252.0,9495.84,2014-12-01, December ,2014
62,Government,Germany, Velo , Low ,2966,120.0,350.0,1038100.0,20762.0,1017338.0,771160.0,246178.0,2013-10-01, October ,2013
63,Small Business,Canada, Paseo , Low ,1916,10.0,300.0,574800.0,11496.0,563304.0,479000.0,84304.0,2014-12-01, December ,2014
64,Channel Partners,United States of America, Paseo , Low ,1142,10.0,12.0,13704.0,274.08,13429.92,3426.0,10003.92,2014-06-01, June ,2014
65,Government,United States of America, Velo , Low ,1566,120.0,20.0,31320.0,626.4,30693.6,15660.0,15033.6,2014-10-01, October ,2014
66,Enterprise,Germany, Velo , Low ,809,120.0,125.0,101125.0,2022.5,99102.5,97080.0,2022.5,2013-10-01, October ,2013
67,Government,Germany, Velo , Low ,2877,120.0,350.0,1006950.0,20139.0,986811.0,748020.0,238791.0,2014-10-01, October ,2014
68,Enterprise,Mexico, VTT , Low ,662,250.0,125.0,82750.0,1655.0,81095.0,79440.0,1655.0,2014-06-01, June ,2014
69,Government,Mexico, Velo , Low ,544,120.0,20.0,10880.0,217.6,10662.4,5440.0,5222.4,2013-12-01, December ,2013
70,Small Business,Germany, VTT , Low ,214,250.0,300.0,64200.0,1284.0,62916.0,53500.0,9416.0,2013-10-01, October ,2013
71,Channel Partners,Mexico, Velo , Low ,1084,120.0,12.0,13008.0,260.16,12747.84,3252.0,9495.84,2014-12-01, December ,2014
72,Government,Canada, Paseo , Low ,2852,10.0,350.0,998200.0,19964.0,978236.0,741520.0,236716.0,2014-12-01, December ,2014
73,Enterprise,Mexico, Velo , Low ,2145,120.0,125.0,268125.0,5362.5,262762.5,257400.0,5362.5,2013-10-01, October ,2013
74,Government,United States of America, VTT , Low ,266,250.0,350.0,93100.0,1862.0,91238.0,69160.0,22078.0,2013-12-01, December ,2013
75,Small Business,Germany, Amarilla , Low ,259,260.0,300.0,77700.0,1554.0,76146.0,64750.0,11396.0,2014-03-01, March ,2014
76,Government,Mexico, VTT , Low ,1940,250.0,350.0,679000.0,13580.0,665420.0,504400.0,161020.0,2013-12-01, December ,2013
77,Small Business,Mexico, Amarilla , Low ,1101,260.0,300.0,330300.0,6606.0,323694.0,275250.0,48444.0,2014-03-01, March ,2014
78,Enterprise,Germany, Amarilla , Low ,2276,260.0,125.0,284500.0,5690.0,278810.0,273120.0,5690.0,2014-05-01, May ,2014
79,Government,Germany, Amarilla , Low ,2966,260.0,350.0,1038100.0,20762.0,1017338.0,771160.0,246178.0,2013-10-01, October ,2013
80,Enterprise,Canada, Paseo , Low ,2729,10.0,125.0,341125.0,6822.5,334302.5,327480.0,6822.5,2014-12-01, December ,2014
81,Government,France, Amarilla , Low ,941,260.0,20.0,18820.0,376.4,18443.6,9410.0,9033.6,2014-11-01, November ,2014
82,Government,Germany, Carretera , Low ,2580,3.0,20.0,51600.0,1548.0,50052.0,25800.0,24252.0,2014-04-01, April ,2014
83,Enterprise,France, Carretera , Low ,4243.5,3.0,125.0,530437.5,15913.13,514524.38,509220.0,5304.38,2014-04-01, April ,2014
84,Channel Partners,United States of America, Carretera , Low ,1947,3.0,12.0,23364.0,700.92,22663.08,5841.0,16822.08,2014-09-01, September ,2014
85,Government,Germany, Montana , Low ,1958,5.0,7.0,13706.0,411.18,13294.82,9790.0,3504.82,2014-02-01, February ,2014
86,Government,United States of America, Amarilla , Low ,1236,260.0,20.0,24720.0,494.4,24225.6,12360.0,11865.6,2014-11-01, November ,2014
87,Channel Partners,France, Velo , Low ,1055,120.0,12.0,12660.0,253.2,12406.8,3165.0,9241.8,2014-12-01, December ,2014
88,Enterprise,Germany, Paseo , Low ,809,10.0,125.0,101125.0,2022.5,99102.5,97080.0,2022.5,2013-10-01, October ,2013
89,Enterprise,France, Montana , Low ,1287,5.0,125.0,160875.0,4826.25,156048.75,154440.0,1608.75,2014-12-01, December ,2014
90,Channel Partners,France, Paseo , Low ,1785,10.0,12.0,21420.0,428.4,20991.6,5355.0,15636.6,2013-11-01, November ,2013
91,Government,Germany, VTT , Low ,2877,250.0,350.0,1006950.0,20139.0,986811.0,748020.0,238791.0,2014-10-01, October ,2014
92,Enterprise,Canada, Paseo , Low ,1774,10.0,125.0,221750.0,6652.5,215097.5,212880.0,2217.5,2014-03-01, March ,2014
93,Small Business,Canada, Amarilla , Low ,1916,260.0,300.0,574800.0,11496.0,563304.0,479000.0,84304.0,2014-12-01, December ,2014
94,Channel Partners,France, Paseo , Low ,1901,10.0,12.0,22812.0,684.36,22127.64,5703.0,16424.64,2014-06-01, June ,2014
95,Enterprise,Germany, Paseo , Low ,1570,10.0,125.0,196250.0,5887.5,190362.5,188400.0,1962.5,2014-06-01, June ,2014
96,Small Business,Germany, Paseo , Low ,689,10.0,300.0,206700.0,6201.0,200499.0,172250.0,28249.0,2014-06-01, June ,2014
97,Channel Partners,United States of America, Paseo , Low ,1369.5,10.0,12.0,16434.0,493.02,15940.98,4108.5,11832.48,2014-07-01, July ,2014
98,Enterprise,Canada, Paseo , Low ,2009,10.0,125.0,251125.0,7533.75,243591.25,241080.0,2511.25,2014-10-01, October ,2014
99,Enterprise,France, Paseo , Low ,1287,10.0,125.0,160875.0,4826.25,156048.75,154440.0,1608.75,2014-12-01, December ,2014
100,Enterprise,Germany, Montana , Low ,1706,5.0,125.0,213250.0,6397.5,206852.5,204720.0,2132.5,2014-12-01, December ,2014
101,Midmarket,Germany, Paseo , Low ,1945,10.0,15.0,29175.0,875.25,28299.75,19450.0,8849.75,2013-10-01, October ,2013
102,Enterprise,Germany, Paseo , Low ,1706,10.0,125.0,213250.0,6397.5,206852.5,204720.0,2132.5,2014-12-01, December ,2014
103,Enterprise,Mexico, Paseo , Low ,2145,10.0,125.0,268125.0,5362.5,262762.5,257400.0,5362.5,2013-10-01, October ,2013
104,Enterprise,Canada, Velo , Low ,2009,120.0,125.0,251125.0,7533.75,243591.25,241080.0,2511.25,2014-10-01, October ,2014
105,Small Business,United States of America, VTT , Low ,2844,250.0,300.0,853200.0,25596.0,827604.0,711000.0,116604.0,2014-02-01, February ,2014
106,Enterprise,Canada, VTT , Low ,2729,250.0,125.0,341125.0,6822.5,334302.5,327480.0,6822.5,2014-12-01, December ,2014
107,Channel Partners,Canada, Paseo , Low ,1295,10.0,12.0,15540.0,310.8,15229.2,3885.0,11344.2,2014-10-01, October ,2014
108,Channel Partners,France, Montana , Low ,1901,5.0,12.0,22812.0,684.36,22127.64,5703.0,16424.64,2014-06-01, June ,2014
109,Small Business,France, Paseo , Low ,2434.5,10.0,300.0,730350.0,21910.5,708439.5,608625.0,99814.5,2014-01-01, January ,2014
110,Government,France, Montana , Low ,544,5.0,7.0,3808.0,114.24,3693.76,2720.0,973.76,2014-09-01, September ,2014
111,Small Business,Germany, Carretera , Low ,689,3.0,300.0,206700.0,6201.0,200499.0,172250.0,28249.0,2014-06-01, June ,2014
112,Government,Germany, Montana , Low ,1797,5.0,350.0,628950.0,18868.5,610081.5,467220.0,142861.5,2013-09-01, September ,2013
113,Midmarket,Germany, VTT , Low ,1945,250.0,15.0,29175.0,875.25,28299.75,19450.0,8849.75,2013-10-01, October ,2013
114,Enterprise,Germany, VTT , Low ,1570,250.0,125.0,196250.0,5887.5,190362.5,188400.0,1962.5,2014-06-01, June ,2014
115,Government,Mexico, VTT , Low ,1642,250.0,350.0,574700.0,17241.0,557459.0,426920.0,130539.0,2014-08-01, August ,2014
116,Channel Partners,Canada, Carretera , Low ,908,3.0,12.0,10896.0,326.88,10569.12,2724.0,7845.12,2013-12-01, December ,2013
117,Channel Partners,Mexico, VTT , Low ,1916,250.0,12.0,22992.0,689.76,22302.24,5748.0,16554.24,2014-04-01, April ,2014
118,Channel Partners,Germany, VTT , Low ,2479,250.0,12.0,29748.0,892.44,28855.56,7437.0,21418.56,2014-01-01, January ,2014
119,Small Business,Canada, VTT , Low ,1874,250.0,300.0,562200.0,16866.0,545334.0,468500.0,76834.0,2014-08-01, August ,2014
120,Government,Canada, Carretera , Low ,831,3.0,20.0,16620.0,498.6,16121.4,8310.0,7811.4,2014-05-01, May ,2014
121,Midmarket,Canada, Montana , Low ,1967,5.0,15.0,29505.0,1180.2,28324.8,19670.0,8654.8,2014-03-01, March ,2014
122,Government,Canada, Carretera , Low ,2851,3.0,7.0,19957.0,798.28,19158.72,14255.0,4903.72,2013-10-01, October ,2013
123,Government,United States of America, Carretera , Low ,274,3.0,350.0,95900.0,3836.0,92064.0,71240.0,20824.0,2014-12-01, December ,2014
124,Small Business,Germany, Carretera , Low ,2021,3.0,300.0,606300.0,24252.0,582048.0,505250.0,76798.0,2014-10-01, October ,2014
125,Small Business,Germany, Montana , Low ,1859,5.0,300.0,557700.0,22308.0,535392.0,464750.0,70642.0,2014-08-01, August ,2014
126,Government,Mexico, Paseo , Low ,1760,10.0,7.0,12320.0,369.6,11950.4,8800.0,3150.4,2013-09-01, September ,2013
127,Small Business,Germany, Montana , Low ,2021,5.0,300.0,606300.0,24252.0,582048.0,505250.0,76798.0,2014-10-01, October ,2014
128,Government,Canada, Montana , Low ,2851,5.0,7.0,19957.0,798.28,19158.72,14255.0,4903.72,2013-10-01, October ,2013
129,Midmarket,France, Paseo , Low ,2261,10.0,15.0,33915.0,1356.6,32558.4,22610.0,9948.4,2013-12-01, December ,2013
130,Government,Canada, Paseo , Low ,4251,10.0,7.0,29757.0,1190.28,28566.72,21255.0,7311.72,2014-01-01, January ,2014
131,Midmarket,Canada, Paseo , Low ,218,10.0,15.0,3270.0,130.8,3139.2,2180.0,959.2,2014-09-01, September ,2014
132,Government,United States of America, Paseo , Low ,3450,10.0,350.0,1207500.0,48300.0,1159200.0,897000.0,262200.0,2014-07-01, July ,2014
133,Government,Canada, Paseo , Low ,2074,10.0,20.0,41480.0,1659.2,39820.8,20740.0,19080.8,2014-09-01, September ,2014
134,Small Business,United States of America, Paseo , Low ,2918,10.0,300.0,875400.0,35016.0,840384.0,729500.0,110884.0,2014-05-01, May ,2014
135,Midmarket,Mexico, Paseo , Low ,2031,10.0,15.0,30465.0,1218.6,29246.4,20310.0,8936.4,2014-10-01, October ,2014
136,Midmarket,Mexico, Montana , Low ,2031,5.0,15.0,30465.0,1218.6,29246.4,20310.0,8936.4,2014-10-01, October ,2014
137,Government,United States of America, Paseo , Low ,1056,10.0,20.0,21120.0,844.8,20275.2,10560.0,9715.2,2014-09-01, September ,2014
138,Small Business,Germany, Paseo , Low ,1414.5,10.0,300.0,424350.0,16974.0,407376.0,353625.0,53751.0,2014-04-01, April ,2014
139,Government,Canada, Velo , Low ,3850.5,120.0,20.0,77010.0,2310.3,74699.7,38505.0,36194.7,2014-04-01, April ,2014
140,Government,United States of America, Velo , Low ,736,120.0,20.0,14720.0,588.8,14131.2,7360.0,6771.2,2013-09-01, September ,2013
141,Midmarket,Mexico, Paseo , Low ,1514,10.0,15.0,22710.0,908.4,21801.6,15140.0,6661.6,2013-10-01, October ,2013
142,Channel Partners,United States of America, Velo , Low ,1465,120.0,12.0,17580.0,703.2,16876.8,4395.0,12481.8,2014-03-01, March ,2014
143,Midmarket,United States of America, Paseo , Low ,671,10.0,15.0,10065.0,402.6,9662.4,6710.0,2952.4,2013-10-01, October ,2013
144,Government,United States of America, Paseo , Low ,274,10.0,350.0,95900.0,3836.0,92064.0,71240.0,20824.0,2014-12-01, December ,2014
145,Government,Canada, Velo , Low ,2646,120.0,20.0,52920.0,2116.8,50803.2,26460.0,24343.2,2013-09-01, September ,2013
146,Government,United States of America, VTT , Low ,349,250.0,350.0,122150.0,4886.0,117264.0,90740.0,26524.0,2013-09-01, September ,2013
147,Channel Partners,France, VTT , Low ,866,250.0,12.0,10392.0,415.68,9976.32,2598.0,7378.32,2014-05-01, May ,2014
148,Government,France, Velo , Low ,2177,120.0,350.0,761950.0,30478.0,731472.0,566020.0,165452.0,2014-10-01, October ,2014
149,Midmarket,Mexico, VTT , Low ,1514,250.0,15.0,22710.0,908.4,21801.6,15140.0,6661.6,2013-10-01, October ,2013
150,Government,France, VTT , Low ,2177,250.0,350.0,761950.0,30478.0,731472.0,566020.0,165452.0,2014-10-01, October ,2014
151,Government,Mexico, Amarilla , Low ,1865,260.0,350.0,652750.0,26110.0,626640.0,484900.0,141740.0,2014-02-01, February ,2014
152,Midmarket,United States of America, Amarilla , Low ,671,260.0,15.0,10065.0,402.6,9662.4,6710.0,2952.4,2013-10-01, October ,2013
153,Government,Canada, Amarilla , Low ,1778,260.0,350.0,622300.0,24892.0,597408.0,462280.0,135128.0,2013-12-01, December ,2013
154,Government,Germany, Amarilla , Low ,1907,260.0,350.0,667450.0,26698.0,640752.0,495820.0,144932.0,2014-09-01, September ,2014
155,Government,Germany, Montana , Medium ,1159,5.0,7.0,8113.0,405.65,7707.35,5795.0,1912.35,2013-10-01, October ,2013
156,Government,Canada, Paseo , Medium ,2349,10.0,7.0,16443.0,822.15,15620.85,11745.0,3875.85,2013-09-01, September ,2013
157,Government,Germany, Paseo , Medium ,1372,10.0,7.0,9604.0,480.2,9123.8,6860.0,2263.8,2014-01-01, January ,2014
158,Channel Partners,Canada, Paseo , Medium ,2431,10.0,12.0,29172.0,1458.6,27713.4,7293.0,20420.4,2014-12-01, December ,2014
159,Government,Mexico, Paseo , Medium ,2689,10.0,7.0,18823.0,941.15,17881.85,13445.0,4436.85,2014-10-01, October ,2014
160,Government,Mexico, VTT , Medium ,2689,250.0,7.0,18823.0,941.15,17881.85,13445.0,4436.85,2014-10-01, October ,2014
161,Channel Partners,Canada, Velo , Medium ,2431,120.0,12.0,29172.0,1458.6,27713.4,7293.0,20420.4,2014-12-01, December ,2014
162,Government,Mexico, Amarilla , Medium ,1683,260.0,7.0,11781.0,589.05,11191.95,8415.0,2776.95,2014-07-01, July ,2014
163,Government,Germany, Amarilla , Medium ,1159,260.0,7.0,8113.0,405.65,7707.35,5795.0,1912.35,2013-10-01, October ,2013
164,Channel Partners,Germany, Carretera , Medium ,1116,3.0,12.0,13392.0,669.6,12722.4,3348.0,9374.4,2014-02-01, February ,2014
165,Channel Partners,Mexico, Amarilla , Medium ,1123,260.0,12.0,13476.0,673.8,12802.2,3369.0,9433.2,2014-08-01, August ,2014
166,Channel Partners,France, Carretera , Medium ,1865,3.0,12.0,22380.0,1119.0,21261.0,5595.0,15666.0,2014-02-01, February ,2014
167,Government,France, Carretera , Medium ,1563,3.0,20.0,31260.0,1563.0,29697.0,15630.0,14067.0,2014-05-01, May ,2014
168,Small Business,United States of America, Carretera , Medium ,991,3.0,300.0,297300.0,14865.0,282435.0,247750.0,34685.0,2014-06-01, June ,2014
169,Government,Germany, Carretera , Medium ,1016,3.0,7.0,7112.0,355.6,6756.4,5080.0,1676.4,2013-11-01, November ,2013
170,Midmarket,Mexico, Carretera , Medium ,2791,3.0,15.0,41865.0,2093.25,39771.75,27910.0,11861.75,2014-11-01, November ,2014
171,Government,United States of America, Carretera , Medium ,570,3.0,7.0,3990.0,199.5,3790.5,2850.0,940.5,2014-12-01, December ,2014
172,Enterprise,United States of America, Montana , Medium ,3627,5.0,125.0,453375.0,22668.75,430706.25,435240.0,4533.75,2014-07-01, July ,2014
173,Channel Partners,Germany, Montana , Medium ,2342,5.0,12.0,28104.0,1405.2,26698.8,7026.0,19672.8,2014-11-01, November ,2014
174,Government,France, Montana , Medium ,1384.5,5.0,350.0,484575.0,24228.75,460346.25,359970.0,100376.25,2014-01-01, January ,2014
175,Government,France, Carretera , Medium ,2487,3.0,7.0,17409.0,870.45,16538.55,12435.0,4103.55,2014-12-01, December ,2014
176,Government,Mexico, Montana , Medium ,720,5.0,350.0,252000.0,12600.0,239400.0,187200.0,52200.0,2013-09-01, September ,2013
177,Government,France, Paseo , Medium ,1303,10.0,20.0,26060.0,1303.0,24757.0,13030.0,11727.0,2014-02-01, February ,2014
178,Small Business,Mexico, Paseo , Medium ,1607,10.0,300.0,482100.0,24105.0,457995.0,401750.0,56245.0,2014-04-01, April ,2014
179,Small Business,United States of America, Paseo , Medium ,991,10.0,300.0,297300.0,14865.0,282435.0,247750.0,34685.0,2014-06-01, June ,2014
180,Small Business,Mexico, Montana , Medium ,1100,5.0,300.0,330000.0,16500.0,313500.0,275000.0,38500.0,2013-12-01, December ,2013
181,Enterprise,United States of America, Paseo , Medium ,2992,10.0,125.0,374000.0,18700.0,355300.0,359040.0,3740.0,2014-03-01, March ,2014
182,Government,United States of America, Paseo , Medium ,2327,10.0,7.0,16289.0,814.45,15474.55,11635.0,3839.55,2014-05-01, May ,2014
183,Enterprise,France, Paseo , Medium ,2385,10.0,125.0,298125.0,14906.25,283218.75,286200.0,2981.25,2014-03-01, March ,2014
184,Government,Canada, Paseo , Medium ,1228,10.0,350.0,429800.0,21490.0,408310.0,319280.0,89030.0,2013-10-01, October ,2013
185,Government,United States of America, Paseo , Medium ,602,10.0,350.0,210700.0,10535.0,200165.0,156520.0,43645.0,2014-06-01, June ,2014
186,Government,Canada, Paseo , Medium ,1389,10.0,20.0,27780.0,1389.0,26391.0,13890.0,12501.0,2013-10-01, October ,2013
187,Midmarket,France, Paseo , Medium ,2620,10.0,15.0,39300.0,1965.0,37335.0,26200.0,11135.0,2014-09-01, September ,2014
188,Enterprise,France, Paseo , Medium ,704,10.0,125.0,88000.0,4400.0,83600.0,84480.0,880.0,2013-10-01, October ,2013
189,Government,United States of America, Paseo , Medium ,2663,10.0,20.0,53260.0,2663.0,50597.0,26630.0,23967.0,2014-12-01, December ,2014
190,Government,Canada, Paseo , Medium ,1802,10.0,20.0,36040.0,1802.0,34238.0,18020.0,16218.0,2013-12-01, December ,2013
191,Midmarket,Germany, Paseo , Medium ,2116,10.0,15.0,31740.0,1587.0,30153.0,21160.0,8993.0,2013-12-01, December ,2013
192,Midmarket,United States of America, Velo , Medium ,555,120.0,15.0,8325.0,416.25,7908.75,5550.0,2358.75,2014-01-01, January ,2014
193,Enterprise,United States of America, Paseo , Medium ,861,10.0,125.0,107625.0,5381.25,102243.75,103320.0,1076.25,2014-10-01, October ,2014
194,Government,France, Paseo , Medium ,2136,10.0,7.0,14952.0,747.6,14204.4,10680.0,3524.4,2013-12-01, December ,2013
195,Government,United States of America, Velo , Medium ,602,120.0,350.0,210700.0,10535.0,200165.0,156520.0,43645.0,2014-06-01, June ,2014
196,Midmarket,Mexico, Velo , Medium ,2861,120.0,15.0,42915.0,2145.75,40769.25,28610.0,12159.25,2014-01-01, January ,2014
197,Enterprise,Germany, Velo , Medium ,807,120.0,125.0,100875.0,5043.75,95831.25,96840.0,1008.75,2014-02-01, February ,2014
198,Government,United States of America, Velo , Medium ,2832,120.0,20.0,56640.0,2832.0,53808.0,28320.0,25488.0,2014-08-01, August ,2014
199,Government,France, Velo , Medium ,1579,120.0,20.0,31580.0,1579.0,30001.0,15790.0,14211.0,2014-08-01, August ,2014
200,Government,France, Velo , Medium ,1033,120.0,20.0,20660.0,1033.0,19627.0,10330.0,9297.0,2013-12-01, December ,2013
201,Enterprise,United States of America, Velo , Medium ,861,120.0,125.0,107625.0,5381.25,102243.75,103320.0,1076.25,2014-10-01, October ,2014
202,Small Business,Germany, Velo , Medium ,1250,120.0,300.0,375000.0,18750.0,356250.0,312500.0,43750.0,2014-12-01, December ,2014
203,Government,United States of America, VTT , Medium ,1265,250.0,20.0,25300.0,1265.0,24035.0,12650.0,11385.0,2013-11-01, November ,2013
204,Government,Canada, VTT , Medium ,1389,250.0,20.0,27780.0,1389.0,26391.0,13890.0,12501.0,2013-10-01, October ,2013
205,Enterprise,France, Velo , Medium ,704,120.0,125.0,88000.0,4400.0,83600.0,84480.0,880.0,2013-10-01, October ,2013
206,Government,Germany, VTT , Medium ,2297,250.0,20.0,45940.0,2297.0,43643.0,22970.0,20673.0,2013-11-01, November ,2013
207,Government,United States of America, VTT , Medium ,2663,250.0,20.0,53260.0,2663.0,50597.0,26630.0,23967.0,2014-12-01, December ,2014
208,Government,France, VTT , Medium ,2487,250.0,7.0,17409.0,870.45,16538.55,12435.0,4103.55,2014-12-01, December ,2014
209,Government,United States of America, VTT , Medium ,570,250.0,7.0,3990.0,199.5,3790.5,2850.0,940.5,2014-12-01, December ,2014
210,Government,Canada, Amarilla , Medium ,552,260.0,350.0,193200.0,9660.0,183540.0,143520.0,40020.0,2014-08-01, August ,2014
211,Government,Germany, Amarilla , Medium ,1350,260.0,350.0,472500.0,23625.0,448875.0,351000.0,97875.0,2014-02-01, February ,2014
212,Small Business,Germany, Amarilla , Medium ,1250,260.0,300.0,375000.0,18750.0,356250.0,312500.0,43750.0,2014-12-01, December ,2014
213,Midmarket,France, Paseo , Medium ,3801,10.0,15.0,57015.0,3420.9,53594.1,38010.0,15584.1,2014-04-01, April ,2014
214,Midmarket,Canada, Carretera , Medium ,2844,3.0,15.0,42660.0,2559.6,40100.4,28440.0,11660.4,2014-06-01, June ,2014
215,Government,Canada, Amarilla , Medium ,1228,260.0,350.0,429800.0,21490.0,408310.0,319280.0,89030.0,2013-10-01, October ,2013
216,Midmarket,United States of America, Carretera , Medium ,2030,3.0,15.0,30450.0,1827.0,28623.0,20300.0,8323.0,2014-11-01, November ,2014
217,Enterprise,Germany, Carretera , Medium ,887,3.0,125.0,110875.0,6652.5,104222.5,106440.0,2217.5,2013-12-01, December ,2013
218,Government,Germany, Montana , Medium ,1460,5.0,350.0,511000.0,30660.0,480340.0,379600.0,100740.0,2014-05-01, May ,2014
219,Government,Mexico, Montana , Medium ,980,5.0,350.0,343000.0,20580.0,322420.0,254800.0,67620.0,2014-04-01, April ,2014
220,Government,United States of America, Carretera , Medium ,1117.5,3.0,20.0,22350.0,1341.0,21009.0,11175.0,9834.0,2014-01-01, January ,2014
221,Government,United States of America, Carretera , Medium ,263,3.0,7.0,1841.0,110.46,1730.54,1315.0,415.54,2013-11-01, November ,2013
222,Channel Partners,Canada, Carretera , Medium ,2299,3.0,12.0,27588.0,1655.28,25932.72,6897.0,19035.72,2013-10-01, October ,2013
223,Channel Partners,Mexico, Carretera , Medium ,562,3.0,12.0,6744.0,404.64,6339.36,1686.0,4653.36,2014-09-01, September ,2014
224,Channel Partners,United States of America, Montana , Medium ,2723,5.0,12.0,32676.0,1960.56,30715.44,8169.0,22546.44,2014-11-01, November ,2014
225,Channel Partners,Canada, Paseo , Medium ,2299,10.0,12.0,27588.0,1655.28,25932.72,6897.0,19035.72,2013-10-01, October ,2013
226,Government,France, Montana , Medium ,1403,5.0,7.0,9821.0,589.26,9231.74,7015.0,2216.74,2013-10-01, October ,2013
227,Government,United States of America, Paseo , Medium ,727,10.0,350.0,254450.0,15267.0,239183.0,189020.0,50163.0,2013-10-01, October ,2013
228,Enterprise,Canada, Velo , Medium ,952,120.0,125.0,119000.0,7140.0,111860.0,114240.0,2380.0,2014-02-01, February ,2014
229,Midmarket,Germany, Velo , Medium ,1530,120.0,15.0,22950.0,1377.0,21573.0,15300.0,6273.0,2014-05-01, May ,2014
230,Government,France, Velo , Medium ,1496,120.0,350.0,523600.0,31416.0,492184.0,388960.0,103224.0,2014-06-01, June ,2014
231,Government,France, Paseo , Medium ,1496,10.0,350.0,523600.0,31416.0,492184.0,388960.0,103224.0,2014-06-01, June ,2014
232,Small Business,France, Velo , Medium ,1221,120.0,300.0,366300.0,21978.0,344322.0,305250.0,39072.0,2013-10-01, October ,2013
233,Enterprise,United States of America, Velo , Medium ,2755,120.0,125.0,344375.0,20662.5,323712.5,330600.0,6887.5,2014-02-01, February ,2014
234,Midmarket,Canada, VTT , Medium ,2844,250.0,15.0,42660.0,2559.6,40100.4,28440.0,11660.4,2014-06-01, June ,2014
235,Government,Mexico, VTT , Medium ,1498,250.0,7.0,10486.0,629.16,9856.84,7490.0,2366.84,2014-06-01, June ,2014
236,Government,Mexico, Velo , Medium ,1498,120.0,7.0,10486.0,629.16,9856.84,7490.0,2366.84,2014-06-01, June ,2014
237,Small Business,France, VTT , Medium ,1221,250.0,300.0,366300.0,21978.0,344322.0,305250.0,39072.0,2013-10-01, October ,2013
238,Enterprise,France, Amarilla , Medium ,1987.5,260.0,125.0,248437.5,14906.25,233531.25,238500.0,4968.75,2014-01-01, January ,2014
239,Government,France, Velo , Medium ,2076,120.0,350.0,726600.0,43596.0,683004.0,539760.0,143244.0,2013-10-01, October ,2013
240,Small Business,Canada, VTT , Medium ,2436,250.0,300.0,730800.0,43848.0,686952.0,609000.0,77952.0,2013-12-01, December ,2013
241,Government,France, Montana , Medium ,1757,5.0,20.0,35140.0,2108.4,33031.6,17570.0,15461.6,2013-10-01, October ,2013
242,Government,France, Amarilla , Medium ,1403,260.0,7.0,9821.0,589.26,9231.74,7015.0,2216.74,2013-10-01, October ,2013
243,Government,France, Amarilla , Medium ,2076,260.0,350.0,726600.0,43596.0,683004.0,539760.0,143244.0,2013-10-01, October ,2013
244,Government,United States of America, Amarilla , Medium ,727,260.0,350.0,254450.0,15267.0,239183.0,189020.0,50163.0,2013-10-01, October ,2013
245,Government,Mexico, VTT , Medium ,1123,250.0,20.0,22460.0,1347.6,21112.4,11230.0,9882.4,2013-11-01, November ,2013
246,Government,Mexico, Velo , Medium ,1333,120.0,7.0,9331.0,559.86,8771.14,6665.0,2106.14,2014-11-01, November ,2014
247,Channel Partners,Mexico, Carretera , Medium ,727,3.0,12.0,8724.0,610.68,8113.32,2181.0,5932.32,2014-02-01, February ,2014
248,Government,Germany, Velo , Medium ,1001,120.0,20.0,20020.0,1201.2,18818.8,10010.0,8808.8,2014-08-01, August ,2014
249,Government,France, Paseo , Medium ,1757,10.0,20.0,35140.0,2108.4,33031.6,17570.0,15461.6,2013-10-01, October ,2013
250,Midmarket,United States of America, Paseo , Medium ,2198,10.0,15.0,32970.0,1978.2,30991.8,21980.0,9011.8,2014-08-01, August ,2014
251,Channel Partners,Canada, Carretera , Medium ,1884,3.0,12.0,22608.0,1582.56,21025.44,5652.0,15373.44,2014-08-01, August ,2014
252,Midmarket,Germany, Paseo , Medium ,1743,10.0,15.0,26145.0,1568.7,24576.3,17430.0,7146.3,2014-08-01, August ,2014
253,Government,Mexico, Amarilla , Medium ,1679,260.0,350.0,587650.0,35259.0,552391.0,436540.0,115851.0,2014-09-01, September ,2014
254,Midmarket,United States of America, Paseo , Medium ,1153,10.0,15.0,17295.0,1037.7,16257.3,11530.0,4727.3,2014-10-01, October ,2014
255,Government,Canada, Velo , Medium ,1135,120.0,7.0,7945.0,556.15,7388.85,5675.0,1713.85,2014-06-01, June ,2014
256,Channel Partners,Mexico, Montana , Medium ,2340,5.0,12.0,28080.0,1965.6,26114.4,7020.0,19094.4,2014-01-01, January ,2014
257,Midmarket,United States of America, VTT , Medium ,1153,250.0,15.0,17295.0,1037.7,16257.3,11530.0,4727.3,2014-10-01, October ,2014
258,Government,Mexico, Carretera , Medium ,1834,3.0,20.0,36680.0,2567.6,34112.4,18340.0,15772.4,2013-09-01, September ,2013
259,Channel Partners,France, Montana , Medium ,2342,5.0,12.0,28104.0,1967.28,26136.72,7026.0,19110.72,2014-11-01, November ,2014
260,Government,France, Montana , Medium ,1976,5.0,20.0,39520.0,2766.4,36753.6,19760.0,16993.6,2014-10-01, October ,2014
261,Small Business,France, Carretera , Medium ,448,3.0,300.0,134400.0,9408.0,124992.0,112000.0,12992.0,2014-06-01, June ,2014
262,Small Business,France, Carretera , Medium ,2181,3.0,300.0,654300.0,45801.0,608499.0,545250.0,63249.0,2014-10-01, October ,2014
263,Channel Partners,France, VTT , Medium ,1738.5,250.0,12.0,20862.0,1460.34,19401.66,5215.5,14186.16,2014-04-01, April ,2014
264,Small Business,France, Montana , Medium ,2181,5.0,300.0,654300.0,45801.0,608499.0,545250.0,63249.0,2014-10-01, October ,2014
265,Government,Canada, VTT , Medium ,1582,250.0,7.0,11074.0,775.18,10298.82,7910.0,2388.82,2014-12-01, December ,2014
266,Enterprise,Germany, Montana , Medium ,2500,5.0,125.0,312500.0,21875.0,290625.0,300000.0,9375.0,2013-11-01, November ,2013
267,Small Business,Canada, Paseo , Medium ,1702,10.0,300.0,510600.0,35742.0,474858.0,425500.0,49358.0,2014-05-01, May ,2014
268,Enterprise,Germany, Paseo , Medium ,3513,10.0,125.0,439125.0,30738.75,408386.25,421560.0,13173.75,2014-07-01, July ,2014
269,Small Business,France, Paseo , Medium ,448,10.0,300.0,134400.0,9408.0,124992.0,112000.0,12992.0,2014-06-01, June ,2014
270,Government,France, Paseo , Medium ,1031,10.0,7.0,7217.0,505.19,6711.81,5155.0,1556.81,2013-09-01, September ,2013
271,Midmarket,United States of America, Paseo , Medium ,2931,10.0,15.0,43965.0,3077.55,40887.45,29310.0,11577.45,2013-09-01, September ,2013
272,Midmarket,France, Paseo , Medium ,2101,10.0,15.0,31515.0,2206.05,29308.95,21010.0,8298.95,2014-08-01, August ,2014
273,Channel Partners,Germany, VTT , Medium ,2215,250.0,12.0,26580.0,1860.6,24719.4,6645.0,18074.4,2013-09-01, September ,2013
274,Government,France, Paseo , Medium ,1535,10.0,20.0,30700.0,2149.0,28551.0,15350.0,13201.0,2014-09-01, September ,2014
275,Midmarket,Canada, Velo , Medium ,1262,120.0,15.0,18930.0,1325.1,17604.9,12620.0,4984.9,2014-05-01, May ,2014
276,Small Business,Canada, Paseo , Medium ,1404,10.0,300.0,421200.0,29484.0,391716.0,351000.0,40716.0,2013-11-01, November ,2013
277,Small Business,France, Velo , Medium ,1659,120.0,300.0,497700.0,34839.0,462861.0,414750.0,48111.0,2014-07-01, July ,2014
278,Channel Partners,Mexico, Paseo , Medium ,2763,10.0,12.0,33156.0,2320.92,30835.08,8289.0,22546.08,2013-11-01, November ,2013
279,Small Business,Germany, Paseo , Medium ,1123,10.0,300.0,336900.0,23583.0,313317.0,280750.0,32567.0,2013-09-01, September ,2013
280,Government,Germany, Paseo , Medium ,2125,10.0,7.0,14875.0,1041.25,13833.75,10625.0,3208.75,2013-12-01, December ,2013
281,Government,United States of America, Velo , Medium ,547,120.0,7.0,3829.0,268.03,3560.97,2735.0,825.97,2014-11-01, November ,2014
282,Government,Canada, Velo , Medium ,1582,120.0,7.0,11074.0,775.18,10298.82,7910.0,2388.82,2014-12-01, December ,2014
283,Government,Canada, Amarilla , Medium ,1135,260.0,7.0,7945.0,556.15,7388.85,5675.0,1713.85,2014-06-01, June ,2014
284,Government,United States of America, Carretera , Medium ,1761,3.0,350.0,616350.0,43144.5,573205.5,457860.0,115345.5,2014-03-01, March ,2014
285,Government,Mexico, Velo , Medium ,609,120.0,20.0,12180.0,852.6,11327.4,6090.0,5237.4,2014-08-01, August ,2014
286,Enterprise,Germany, Velo , Medium ,2087,120.0,125.0,260875.0,18261.25,242613.75,250440.0,7826.25,2014-09-01, September ,2014
287,Government,France, Velo , Medium ,1976,120.0,20.0,39520.0,2766.4,36753.6,19760.0,16993.6,2014-10-01, October ,2014
288,Small Business,United States of America, Velo , Medium ,1372,120.0,300.0,411600.0,28812.0,382788.0,343000.0,39788.0,2014-12-01, December ,2014
289,Government,United States of America, Velo , Medium ,1421,120.0,20.0,28420.0,1989.4,26430.6,14210.0,12220.6,2013-12-01, December ,2013
290,Government,Germany, Velo , Medium ,588,120.0,20.0,11760.0,823.2,10936.8,5880.0,5056.8,2013-12-01, December ,2013
291,Small Business,Mexico, VTT , Medium ,2747,250.0,300.0,824100.0,57687.0,766413.0,686750.0,79663.0,2014-02-01, February ,2014
292,Small Business,France, VTT , Medium ,959,250.0,300.0,287700.0,20139.0,267561.0,239750.0,27811.0,2014-02-01, February ,2014
293,Channel Partners,Canada, VTT , Medium ,3244.5,250.0,12.0,38934.0,2725.38,36208.62,9733.5,26475.12,2014-01-01, January ,2014
294,Government,Canada, Amarilla , Medium ,1118,260.0,20.0,22360.0,1565.2,20794.8,11180.0,9614.8,2014-11-01, November ,2014
295,Government,France, Amarilla , Medium ,2876,260.0,350.0,1006600.0,70462.0,936138.0,747760.0,188378.0,2014-09-01, September ,2014
296,Enterprise,Germany, Amarilla , Medium ,994,260.0,125.0,124250.0,8697.5,115552.5,119280.0,3727.5,2013-09-01, September ,2013
297,Enterprise,Canada, Amarilla , Medium ,1645,260.0,125.0,205625.0,14393.75,191231.25,197400.0,6168.75,2014-05-01, May ,2014
298,Government,United States of America, Montana , Medium ,1282,5.0,20.0,25640.0,2051.2,23588.8,12820.0,10768.8,2014-06-01, June ,2014
299,Small Business,United States of America, Amarilla , Medium ,1372,260.0,300.0,411600.0,28812.0,382788.0,343000.0,39788.0,2014-12-01, December ,2014
300,Government,Canada, Montana , Medium ,488,5.0,7.0,3416.0,273.28,3142.72,2440.0,702.72,2014-02-01, February ,2014
301,Government,Canada, Paseo , Medium ,257,10.0,7.0,1799.0,143.92,1655.08,1285.0,370.08,2014-05-01, May ,2014
302,Government,United States of America, Amarilla , Medium ,1282,260.0,20.0,25640.0,2051.2,23588.8,12820.0,10768.8,2014-06-01, June ,2014
303,Midmarket,France, Carretera , Medium ,490,3.0,15.0,7350.0,588.0,6762.0,4900.0,1862.0,2014-11-01, November ,2014
304,Enterprise,Mexico, Carretera , Medium ,1540,3.0,125.0,192500.0,15400.0,177100.0,184800.0,7700.0,2014-08-01, August ,2014
305,Government,Mexico, Carretera , Medium ,1362,3.0,350.0,476700.0,38136.0,438564.0,354120.0,84444.0,2014-12-01, December ,2014
306,Government,Canada, Montana , Medium ,708,5.0,20.0,14160.0,1132.8,13027.2,7080.0,5947.2,2014-06-01, June ,2014
307,Government,Germany, Montana , Medium ,645,5.0,20.0,12900.0,1032.0,11868.0,6450.0,5418.0,2014-07-01, July ,2014
308,Midmarket,France, Montana , Medium ,2501,5.0,15.0,37515.0,3001.2,34513.8,25010.0,9503.8,2014-03-01, March ,2014
309,Small Business,Canada, Montana , Medium ,1283,5.0,300.0,384900.0,30792.0,354108.0,320750.0,33358.0,2013-09-01, September ,2013
310,Government,Germany, Paseo , Medium ,1259,10.0,7.0,8813.0,705.04,8107.96,6295.0,1812.96,2014-04-01, April ,2014
311,Small Business,France, Montana , Medium ,1562,5.0,300.0,468600.0,37488.0,431112.0,390500.0,40612.0,2014-08-01, August ,2014
312,Government,Germany, Paseo , Medium ,1095,10.0,7.0,7665.0,613.2,7051.8,5475.0,1576.8,2014-05-01, May ,2014
313,Midmarket,Germany, Montana , Medium ,711,5.0,15.0,10665.0,853.2,9811.8,7110.0,2701.8,2014-12-01, December ,2014
314,Government,Germany, Paseo , Medium ,1366,10.0,20.0,27320.0,2185.6,25134.4,13660.0,11474.4,2014-06-01, June ,2014
315,Enterprise,Mexico, Paseo , Medium ,1114,10.0,125.0,139250.0,11140.0,128110.0,133680.0,5570.0,2014-03-01, March ,2014
316,Government,Germany, Paseo , Medium ,1598,10.0,7.0,11186.0,894.88,10291.12,7990.0,2301.12,2014-08-01, August ,2014
317,Government,United States of America, Paseo , Medium ,678,10.0,7.0,4746.0,379.68,4366.32,3390.0,976.32,2014-08-01, August ,2014
318,Government,Germany, Paseo , Medium ,2409,10.0,7.0,16863.0,1349.04,15513.96,12045.0,3468.96,2013-09-01, September ,2013
319,Government,Germany, Paseo , Medium ,1934,10.0,20.0,38680.0,3094.4,35585.6,19340.0,16245.6,2014-09-01, September ,2014
320,Government,Mexico, Paseo , Medium ,2993,10.0,20.0,59860.0,4788.8,55071.2,29930.0,25141.2,2014-09-01, September ,2014
321,Small Business,Mexico, Paseo , Medium ,2460,10.0,300.0,738000.0,59040.0,678960.0,615000.0,63960.0,2014-06-01, June ,2014
322,Government,Germany, Paseo , Medium ,2146,10.0,350.0,751100.0,60088.0,691012.0,557960.0,133052.0,2013-11-01, November ,2013
323,Government,Mexico, Paseo , Medium ,1946,10.0,7.0,13622.0,1089.76,12532.24,9730.0,2802.24,2013-12-01, December ,2013
324,Government,Mexico, Paseo , Medium ,1362,10.0,350.0,476700.0,38136.0,438564.0,354120.0,84444.0,2014-12-01, December ,2014
325,Government,United States of America, Velo , Medium ,2907,120.0,7.0,20349.0,1627.92,18721.08,14535.0,4186.08,2014-06-01, June ,2014
326,Small Business,France, Velo , Medium ,386,120.0,300.0,115800.0,9264.0,106536.0,96500.0,10036.0,2013-11-01, November ,2013
327,Channel Partners,Canada, Velo , Medium ,598,120.0,12.0,7176.0,574.08,6601.92,1794.0,4807.92,2014-03-01, March ,2014
328,Government,Germany, Velo , Medium ,2338,120.0,7.0,16366.0,1309.28,15056.72,11690.0,3366.72,2014-06-01, June ,2014
329,Government,France, VTT , Medium ,574.5,250.0,350.0,201075.0,16086.0,184989.0,149370.0,35619.0,2014-04-01, April ,2014
330,Small Business,Mexico, Velo , Medium ,635,120.0,300.0,190500.0,15240.0,175260.0,158750.0,16510.0,2014-12-01, December ,2014
331,Government,Germany, VTT , Medium ,422,250.0,350.0,147700.0,11816.0,135884.0,109720.0,26164.0,2014-08-01, August ,2014
332,Government,Germany, VTT , Medium ,2338,250.0,7.0,16366.0,1309.28,15056.72,11690.0,3366.72,2014-06-01, June ,2014
333,Government,France, VTT , Medium ,381,250.0,350.0,133350.0,10668.0,122682.0,99060.0,23622.0,2014-08-01, August ,2014
334,Small Business,Canada, VTT , Medium ,2134,250.0,300.0,640200.0,51216.0,588984.0,533500.0,55484.0,2014-09-01, September ,2014
335,Government,Canada, Amarilla , Medium ,708,260.0,20.0,14160.0,1132.8,13027.2,7080.0,5947.2,2014-06-01, June ,2014
336,Small Business,United States of America, VTT , Medium ,808,250.0,300.0,242400.0,19392.0,223008.0,202000.0,21008.0,2013-12-01, December ,2013
337,Government,Germany, Amarilla , Medium ,1366,260.0,20.0,27320.0,2185.6,25134.4,13660.0,11474.4,2014-06-01, June ,2014
338,Government,United States of America, Amarilla , Medium ,2907,260.0,7.0,20349.0,1627.92,18721.08,14535.0,4186.08,2014-06-01, June ,2014
339,Small Business,Mexico, Amarilla , Medium ,2460,260.0,300.0,738000.0,59040.0,678960.0,615000.0,63960.0,2014-06-01, June ,2014
340,Channel Partners,Mexico, Amarilla , Medium ,1375,260.0,12.0,16500.0,1320.0,15180.0,4125.0,11055.0,2013-12-01, December ,2013
341,Small Business,Mexico, Amarilla , Medium ,635,260.0,300.0,190500.0,15240.0,175260.0,158750.0,16510.0,2014-12-01, December ,2014
342,Government,Germany, Amarilla , Medium ,1520,260.0,20.0,30400.0,2432.0,27968.0,15200.0,12768.0,2014-11-01, November ,2014
343,Small Business,Canada, Carretera , Medium ,1094,3.0,300.0,328200.0,29538.0,298662.0,273500.0,25162.0,2014-06-01, June ,2014
344,Midmarket,Germany, Amarilla , Medium ,711,260.0,15.0,10665.0,853.2,9811.8,7110.0,2701.8,2014-12-01, December ,2014
345,Government,United States of America, VTT , Medium ,436.5,250.0,20.0,8730.0,698.4,8031.6,4365.0,3666.6,2014-07-01, July ,2014
346,Small Business,Canada, Montana , Medium ,3802.5,5.0,300.0,1140750.0,102667.5,1038082.5,950625.0,87457.5,2014-04-01, April ,2014
347,Channel Partners,Canada, Montana , Medium ,2321,5.0,12.0,27852.0,2506.68,25345.32,6963.0,18382.32,2014-11-01, November ,2014
348,Channel Partners,Mexico, Carretera , Medium ,367,3.0,12.0,4404.0,396.36,4007.64,1101.0,2906.64,2013-10-01, October ,2013
349,Small Business,France, Montana , Medium ,322,5.0,300.0,96600.0,8694.0,87906.0,80500.0,7406.0,2013-09-01, September ,2013
350,Government,France, Montana , Medium ,1666,5.0,350.0,583100.0,52479.0,530621.0,433160.0,97461.0,2014-05-01, May ,2014
351,Enterprise,France, Montana , Medium ,1857,5.0,125.0,232125.0,20891.25,211233.75,222840.0,11606.25,2013-11-01, November ,2013
352,Enterprise,United States of America, Montana , Medium ,2797,5.0,125.0,349625.0,31466.25,318158.75,335640.0,17481.25,2014-12-01, December ,2014
353,Government,Canada, Montana , Medium ,1611,5.0,7.0,11277.0,1014.93,10262.07,8055.0,2207.07,2013-12-01, December ,2013
354,Small Business,Germany, Montana , Medium ,334,5.0,300.0,100200.0,9018.0,91182.0,83500.0,7682.0,2013-12-01, December ,2013
355,Midmarket,United States of America, Paseo , Medium ,3675,10.0,15.0,55125.0,4961.25,50163.75,36750.0,13413.75,2014-04-01, April ,2014
356,Government,Mexico, Paseo , Medium ,2417,10.0,350.0,845950.0,76135.5,769814.5,628420.0,141394.5,2014-01-01, January ,2014
357,Small Business,Canada, Paseo , Medium ,1094,10.0,300.0,328200.0,29538.0,298662.0,273500.0,25162.0,2014-06-01, June ,2014
358,Small Business,Mexico, Paseo , Medium ,2565,10.0,300.0,769500.0,69255.0,700245.0,641250.0,58995.0,2014-01-01, January ,2014
359,Small Business,France, Paseo , Medium ,1324,10.0,300.0,397200.0,35748.0,361452.0,331000.0,30452.0,2014-11-01, November ,2014
360,Channel Partners,Mexico, Paseo , Medium ,367,10.0,12.0,4404.0,396.36,4007.64,1101.0,2906.64,2013-10-01, October ,2013
361,Midmarket,Mexico, Velo , Medium ,245,120.0,15.0,3675.0,330.75,3344.25,2450.0,894.25,2014-05-01, May ,2014
362,Midmarket,France, Paseo , Medium ,1227,10.0,15.0,18405.0,1656.45,16748.55,12270.0,4478.55,2014-10-01, October ,2014
363,Small Business,Canada, Velo , Medium ,3793.5,120.0,300.0,1138050.0,102424.5,1035625.5,948375.0,87250.5,2014-07-01, July ,2014
364,Enterprise,United States of America, Paseo , Medium ,2797,10.0,125.0,349625.0,31466.25,318158.75,335640.0,17481.25,2014-12-01, December ,2014
365,Channel Partners,Germany, Paseo , Medium ,1775,10.0,12.0,21300.0,1917.0,19383.0,5325.0,14058.0,2013-11-01, November ,2013
366,Enterprise,Canada, Velo , Medium ,567,120.0,125.0,70875.0,6378.75,64496.25,68040.0,3543.75,2014-09-01, September ,2014
367,Government,Germany, Velo , Medium ,1307,120.0,350.0,457450.0,41170.5,416279.5,339820.0,76459.5,2014-07-01, July ,2014
368,Government,Canada, Velo , Medium ,1269,120.0,350.0,444150.0,39973.5,404176.5,329940.0,74236.5,2014-10-01, October ,2014
369,Enterprise,Mexico, Velo , Medium ,2110,120.0,125.0,263750.0,23737.5,240012.5,253200.0,13187.5,2014-09-01, September ,2014
370,Channel Partners,United States of America, VTT , Medium ,1956,250.0,12.0,23472.0,2112.48,21359.52,5868.0,15491.52,2014-01-01, January ,2014
371,Small Business,Germany, VTT , Medium ,2659,250.0,300.0,797700.0,71793.0,725907.0,664750.0,61157.0,2014-02-01, February ,2014
372,Channel Partners,Germany, VTT , Medium ,880,250.0,12.0,10560.0,950.4,9609.6,2640.0,6969.6,2014-05-01, May ,2014
373,Government,United States of America, VTT , Medium ,1351.5,250.0,350.0,473025.0,42572.25,430452.75,351390.0,79062.75,2014-04-01, April ,2014
374,Channel Partners,France, VTT , Medium ,2234,250.0,12.0,26808.0,2412.72,24395.28,6702.0,17693.28,2013-09-01, September ,2013
375,Enterprise,Mexico, VTT , Medium ,877,250.0,125.0,109625.0,9866.25,99758.75,105240.0,5481.25,2014-11-01, November ,2014
376,Small Business,United States of America, VTT , Medium ,1867,250.0,300.0,560100.0,50409.0,509691.0,466750.0,42941.0,2014-09-01, September ,2014
377,Government,United States of America, Amarilla , Medium ,2071,260.0,350.0,724850.0,65236.5,659613.5,538460.0,121153.5,2014-09-01, September ,2014
378,Midmarket,France, VTT , Medium ,1227,250.0,15.0,18405.0,1656.45,16748.55,12270.0,4478.55,2014-10-01, October ,2014
379,Government,Canada, Amarilla , Medium ,1269,260.0,350.0,444150.0,39973.5,404176.5,329940.0,74236.5,2014-10-01, October ,2014
380,Midmarket,Germany, Amarilla , Medium ,970,260.0,15.0,14550.0,1309.5,13240.5,9700.0,3540.5,2013-11-01, November ,2013
381,Government,Canada, Carretera , Medium ,819,3.0,7.0,5733.0,515.97,5217.03,4095.0,1122.03,2014-07-01, July ,2014
382,Government,Germany, Carretera , Medium ,663,3.0,20.0,13260.0,1193.4,12066.6,6630.0,5436.6,2014-05-01, May ,2014
383,Channel Partners,Germany, Carretera , Medium ,1580,3.0,12.0,18960.0,1706.4,17253.6,4740.0,12513.6,2014-09-01, September ,2014
384,Government,Mexico, Amarilla , Medium ,1694,260.0,20.0,33880.0,3049.2,30830.8,16940.0,13890.8,2014-11-01, November ,2014
385,Government,Germany, Paseo , Medium ,360,10.0,7.0,2520.0,226.8,2293.2,1800.0,493.2,2014-10-01, October ,2014
386,Channel Partners,France, Velo , Medium ,1967,120.0,12.0,23604.0,2124.36,21479.64,5901.0,15578.64,2014-03-01, March ,2014
387,Government,United States of America, Paseo , Medium ,973,10.0,20.0,19460.0,1751.4,17708.6,9730.0,7978.6,2014-03-01, March ,2014
388,Government,Mexico, Carretera , Medium ,521,3.0,7.0,3647.0,328.23,3318.77,2605.0,713.77,2014-12-01, December ,2014
389,Government,Mexico, Paseo , Medium ,1038,10.0,20.0,20760.0,1868.4,18891.6,10380.0,8511.6,2014-06-01, June ,2014
390,Midmarket,Mexico, Velo , Medium ,2628,120.0,15.0,39420.0,3547.8,35872.2,26280.0,9592.2,2014-04-01, April ,2014
391,Government,Mexico, Amarilla , Medium ,1038,260.0,20.0,20760.0,1868.4,18891.6,10380.0,8511.6,2014-06-01, June ,2014
392,Government,Mexico, VTT , Medium ,521,250.0,7.0,3647.0,328.23,3318.77,2605.0,713.77,2014-12-01, December ,2014
393,Government,Germany, VTT , Medium ,360,250.0,7.0,2520.0,226.8,2293.2,1800.0,493.2,2014-10-01, October ,2014
394,Midmarket,Canada, Amarilla , Medium ,1630.5,260.0,15.0,24457.5,2201.18,22256.33,16305.0,5951.33,2014-07-01, July ,2014
395,Government,France, VTT , Medium ,2682,250.0,20.0,53640.0,4827.6,48812.4,26820.0,21992.4,2013-11-01, November ,2013
396,Channel Partners,France, Amarilla , Medium ,306,260.0,12.0,3672.0,330.48,3341.52,918.0,2423.52,2013-12-01, December ,2013
397,Enterprise,United States of America, Carretera , High ,3445.5,3.0,125.0,430687.5,43068.75,387618.75,413460.0,25841.25,2014-04-01, April ,2014
398,Government,United States of America, Montana , High ,2328,5.0,7.0,16296.0,1629.6,14666.4,11640.0,3026.4,2014-09-01, September ,2014
399,Channel Partners,United States of America, Paseo , High ,386,10.0,12.0,4632.0,463.2,4168.8,1158.0,3010.8,2013-10-01, October ,2013
400,Channel Partners,United States of America, Carretera , High ,386,3.0,12.0,4632.0,463.2,4168.8,1158.0,3010.8,2013-10-01, October ,2013
401,Government,United States of America, Montana , High ,2313,5.0,350.0,809550.0,80955.0,728595.0,601380.0,127215.0,2014-05-01, May ,2014
402,Enterprise,France, Carretera , High ,1482,3.0,125.0,185250.0,18525.0,166725.0,177840.0,11115.0,2013-12-01, December ,2013
403,Small Business,Mexico, Paseo , High ,591,10.0,300.0,177300.0,17730.0,159570.0,147750.0,11820.0,2014-05-01, May ,2014
404,Midmarket,France, Montana , High ,2072,5.0,15.0,31080.0,3108.0,27972.0,20720.0,7252.0,2014-12-01, December ,2014
405,Government,Germany, Paseo , High ,241,10.0,20.0,4820.0,482.0,4338.0,2410.0,1928.0,2014-10-01, October ,2014
406,Government,France, Paseo , High ,1954,10.0,20.0,39080.0,3908.0,35172.0,19540.0,15632.0,2014-03-01, March ,2014
407,Midmarket,France, Paseo , High ,2167,10.0,15.0,32505.0,3250.5,29254.5,21670.0,7584.5,2013-10-01, October ,2013
408,Midmarket,Germany, Velo , High ,510,120.0,15.0,7650.0,765.0,6885.0,5100.0,1785.0,2014-04-01, April ,2014
409,Midmarket,United States of America, Velo , High ,790,120.0,15.0,11850.0,1185.0,10665.0,7900.0,2765.0,2014-05-01, May ,2014
410,Enterprise,United States of America, Montana , High ,1804,5.0,125.0,225500.0,22550.0,202950.0,216480.0,13530.0,2013-11-01, November ,2013
411,Midmarket,Germany, Velo , High ,681,120.0,15.0,10215.0,1021.5,9193.5,6810.0,2383.5,2014-01-01, January ,2014
412,Government,France, Velo , High ,639,120.0,350.0,223650.0,22365.0,201285.0,166140.0,35145.0,2014-07-01, July ,2014
413,Small Business,United States of America, Velo , High ,2294,120.0,300.0,688200.0,68820.0,619380.0,573500.0,45880.0,2013-10-01, October ,2013
414,Enterprise,Canada, Velo , High ,1916,120.0,125.0,239500.0,23950.0,215550.0,229920.0,14370.0,2013-12-01, December ,2013
415,Government,Germany, Velo , High ,241,120.0,20.0,4820.0,482.0,4338.0,2410.0,1928.0,2014-10-01, October ,2014
416,Government,Germany, Velo , High ,2665,120.0,7.0,18655.0,1865.5,16789.5,13325.0,3464.5,2014-11-01, November ,2014
417,Small Business,France, Velo , High ,853,120.0,300.0,255900.0,25590.0,230310.0,213250.0,17060.0,2014-12-01, December ,2014
418,Enterprise,United States of America, Velo , High ,1596,120.0,125.0,199500.0,19950.0,179550.0,191520.0,11970.0,2014-09-01, September ,2014
419,Enterprise,Mexico, VTT , High ,341,250.0,125.0,42625.0,4262.5,38362.5,40920.0,2557.5,2014-05-01, May ,2014
420,Midmarket,Mexico, VTT , High ,641,250.0,15.0,9615.0,961.5,8653.5,6410.0,2243.5,2014-07-01, July ,2014
421,Government,United States of America, VTT , High ,2807,250.0,350.0,982450.0,98245.0,884205.0,729820.0,154385.0,2014-08-01, August ,2014
422,Small Business,United States of America, VTT , High ,2294,250.0,300.0,688200.0,68820.0,619380.0,573500.0,45880.0,2013-10-01, October ,2013
423,Midmarket,France, VTT , High ,2167,250.0,15.0,32505.0,3250.5,29254.5,21670.0,7584.5,2013-10-01, October ,2013
424,Government,Germany, VTT , High ,1870,250.0,350.0,654500.0,65450.0,589050.0,486200.0,102850.0,2013-12-01, December ,2013
425,Small Business,Mexico, VTT , High ,432,250.0,300.0,129600.0,12960.0,116640.0,108000.0,8640.0,2014-09-01, September ,2014
426,Enterprise,Canada, VTT , High ,2529,250.0,125.0,316125.0,31612.5,284512.5,303480.0,18967.5,2014-11-01, November ,2014
427,Enterprise,United States of America, Amarilla , High ,579,260.0,125.0,72375.0,7237.5,65137.5,69480.0,4342.5,2014-01-01, January ,2014
428,Government,Canada, Amarilla , High ,2240,260.0,350.0,784000.0,78400.0,705600.0,582400.0,123200.0,2014-02-01, February ,2014
429,Small Business,United States of America, Amarilla , High ,2993,260.0,300.0,897900.0,89790.0,808110.0,748250.0,59860.0,2014-03-01, March ,2014
430,Government,Mexico, Amarilla , High ,2039,260.0,20.0,40780.0,4078.0,36702.0,20390.0,16312.0,2014-05-01, May ,2014
431,Channel Partners,Germany, Amarilla , High ,2574,260.0,12.0,30888.0,3088.8,27799.2,7722.0,20077.2,2014-08-01, August ,2014
432,Channel Partners,Canada, Amarilla , High ,3520.5,260.0,12.0,42246.0,4224.6,38021.4,10561.5,27459.9,2014-04-01, April ,2014
433,Midmarket,France, Amarilla , High ,2072,260.0,15.0,31080.0,3108.0,27972.0,20720.0,7252.0,2014-12-01, December ,2014
434,Small Business,France, Amarilla , High ,853,260.0,300.0,255900.0,25590.0,230310.0,213250.0,17060.0,2014-12-01, December ,2014
435,Government,Canada, Amarilla , High ,707,260.0,350.0,247450.0,24745.0,222705.0,183820.0,38885.0,2014-09-01, September ,2014
436,Channel Partners,France, Carretera , High ,1198,3.0,12.0,14376.0,1581.36,12794.64,3594.0,9200.64,2013-10-01, October ,2013
437,Channel Partners,Germany, Velo , High ,472,120.0,12.0,5664.0,623.04,5040.96,1416.0,3624.96,2014-10-01, October ,2014
438,Channel Partners,France, Paseo , High ,1198,10.0,12.0,14376.0,1581.36,12794.64,3594.0,9200.64,2013-10-01, October ,2013
439,Midmarket,Canada, Carretera , High ,1560,3.0,15.0,23400.0,2574.0,20826.0,15600.0,5226.0,2013-11-01, November ,2013
440,Government,France, Paseo , High ,2532,10.0,7.0,17724.0,1949.64,15774.36,12660.0,3114.36,2014-04-01, April ,2014
441,Government,Mexico, Carretera , High ,2706,3.0,7.0,18942.0,2083.62,16858.38,13530.0,3328.38,2013-11-01, November ,2013
442,Midmarket,Canada, Velo , High ,384,120.0,15.0,5760.0,633.6,5126.4,3840.0,1286.4,2014-01-01, January ,2014
443,Government,Germany, Montana , High ,766,5.0,350.0,268100.0,29491.0,238609.0,199160.0,39449.0,2014-01-01, January ,2014
444,Government,Germany, Montana , High ,2992,5.0,20.0,59840.0,6582.4,53257.6,29920.0,23337.6,2013-10-01, October ,2013
445,Midmarket,Mexico, Montana , High ,2157,5.0,15.0,32355.0,3559.05,28795.95,21570.0,7225.95,2014-12-01, December ,2014
446,Channel Partners,Germany, Amarilla , High ,472,260.0,12.0,5664.0,623.04,5040.96,1416.0,3624.96,2014-10-01, October ,2014
447,Channel Partners,Mexico, VTT , High ,1005,250.0,12.0,12060.0,1326.6,10733.4,3015.0,7718.4,2013-09-01, September ,2013
448,Government,Mexico, Paseo , High ,1122,10.0,20.0,22440.0,2468.4,19971.6,11220.0,8751.6,2014-03-01, March ,2014
449,Small Business,Canada, Paseo , High ,873,10.0,300.0,261900.0,28809.0,233091.0,218250.0,14841.0,2014-01-01, January ,2014
450,Government,Canada, Paseo , High ,2104.5,10.0,350.0,736575.0,81023.25,655551.75,547170.0,108381.75,2014-07-01, July ,2014
451,Channel Partners,Canada, Paseo , High ,4026,10.0,12.0,48312.0,5314.32,42997.68,12078.0,30919.68,2014-07-01, July ,2014
452,Government,Canada, Paseo , High ,2394,10.0,20.0,47880.0,5266.8,42613.2,23940.0,18673.2,2014-08-01, August ,2014
453,Midmarket,Mexico, Paseo , High ,1984,10.0,15.0,29760.0,3273.6,26486.4,19840.0,6646.4,2014-08-01, August ,2014
454,Government,Germany, Carretera , High ,792,3.0,350.0,277200.0,30492.0,246708.0,205920.0,40788.0,2014-03-01, March ,2014
455,Channel Partners,France, Paseo , High ,2425.5,10.0,12.0,29106.0,3201.66,25904.34,7276.5,18627.84,2014-07-01, July ,2014
456,Enterprise,France, Paseo , High ,2441,10.0,125.0,305125.0,33563.75,271561.25,292920.0,21358.75,2014-10-01, October ,2014
457,Small Business,Germany, Carretera , High ,2811,3.0,300.0,843300.0,92763.0,750537.0,702750.0,47787.0,2014-07-01, July ,2014
458,Government,Germany, Paseo , High ,2992,10.0,20.0,59840.0,6582.4,53257.6,29920.0,23337.6,2013-10-01, October ,2013
459,Small Business,Canada, Paseo , High ,1366,10.0,300.0,409800.0,45078.0,364722.0,341500.0,23222.0,2014-11-01, November ,2014
460,Government,United States of America, VTT , High ,1579,250.0,7.0,11053.0,1215.83,9837.17,7895.0,1942.17,2014-03-01, March ,2014
461,Midmarket,Mexico, Velo , High ,655,120.0,15.0,9825.0,1080.75,8744.25,6550.0,2194.25,2013-09-01, September ,2013
462,Government,France, Velo , High ,2805,120.0,20.0,56100.0,6171.0,49929.0,28050.0,21879.0,2013-09-01, September ,2013
463,Midmarket,United States of America, Amarilla , High ,3199.5,260.0,15.0,47992.5,5279.18,42713.33,31995.0,10718.33,2014-07-01, July ,2014
464,Channel Partners,Canada, Carretera , High ,1937,3.0,12.0,23244.0,2556.84,20687.16,5811.0,14876.16,2014-02-01, February ,2014
465,Government,Mexico, Velo , High ,344,120.0,350.0,120400.0,13244.0,107156.0,89440.0,17716.0,2013-10-01, October ,2013
466,Enterprise,France, Carretera , High ,2441,3.0,125.0,305125.0,33563.75,271561.25,292920.0,21358.75,2014-10-01, October ,2014
467,Government,Canada, Velo , High ,1808,120.0,7.0,12656.0,1392.16,11263.84,9040.0,2223.84,2014-11-01, November ,2014
468,Channel Partners,France, VTT , High ,1734,250.0,12.0,20808.0,2288.88,18519.12,5202.0,13317.12,2014-01-01, January ,2014
469,Enterprise,Mexico, VTT , High ,554,250.0,125.0,69250.0,7617.5,61632.5,66480.0,4847.5,2014-01-01, January ,2014
470,Enterprise,Germany, Amarilla , High ,3165,260.0,125.0,395625.0,43518.75,352106.25,379800.0,27693.75,2014-01-01, January ,2014
471,Government,Canada, VTT , High ,2935,250.0,20.0,58700.0,6457.0,52243.0,29350.0,22893.0,2013-11-01, November ,2013
472,Government,Mexico, Amarilla , High ,2629,260.0,20.0,52580.0,5783.8,46796.2,26290.0,20506.2,2014-01-01, January ,2014
473,Government,Mexico, Amarilla , High ,344,260.0,350.0,120400.0,13244.0,107156.0,89440.0,17716.0,2013-10-01, October ,2013
474,Enterprise,France, Amarilla , High ,1433,260.0,125.0,179125.0,19703.75,159421.25,171960.0,12538.75,2014-05-01, May ,2014
475,Enterprise,Mexico, Amarilla , High ,947,260.0,125.0,118375.0,13021.25,105353.75,113640.0,8286.25,2013-09-01, September ,2013
476,Government,Mexico, Carretera , High ,886,3.0,350.0,310100.0,37212.0,272888.0,230360.0,42528.0,2014-06-01, June ,2014
477,Midmarket,Canada, Carretera , High ,2689,3.0,15.0,40335.0,4840.2,35494.8,26890.0,8604.8,2014-11-01, November ,2014
478,Government,United States of America, Paseo , High ,380,10.0,7.0,2660.0,292.6,2367.4,1900.0,467.4,2013-09-01, September ,2013
479,Midmarket,United States of America, Montana , High ,677,5.0,15.0,10155.0,1218.6,8936.4,6770.0,2166.4,2014-03-01, March ,2014
480,Enterprise,Mexico, Paseo , High ,2156,10.0,125.0,269500.0,32340.0,237160.0,258720.0,21560.0,2014-10-01, October ,2014
481,Government,Mexico, Montana , High ,2420,5.0,7.0,16940.0,2032.8,14907.2,12100.0,2807.2,2014-09-01, September ,2014
482,Government,Mexico, Paseo , High ,886,10.0,350.0,310100.0,37212.0,272888.0,230360.0,42528.0,2014-06-01, June ,2014
483,Small Business,United States of America, Paseo , High ,3495,10.0,300.0,1048500.0,125820.0,922680.0,873750.0,48930.0,2014-01-01, January ,2014
484,Small Business,France, Montana , High ,1186,5.0,300.0,355800.0,42696.0,313104.0,296500.0,16604.0,2013-12-01, December ,2013
485,Enterprise,Canada, Carretera , High ,2416,3.0,125.0,302000.0,36240.0,265760.0,289920.0,24160.0,2013-09-01, September ,2013
486,Government,Canada, Montana , High ,2734,5.0,7.0,19138.0,2296.56,16841.44,13670.0,3171.44,2014-10-01, October ,2014
487,Enterprise,Mexico, Carretera , High ,2156,3.0,125.0,269500.0,32340.0,237160.0,258720.0,21560.0,2014-10-01, October ,2014
488,Government,Mexico, Velo , High ,1395,120.0,350.0,488250.0,58590.0,429660.0,362700.0,66960.0,2014-07-01, July ,2014
489,Government,Mexico, Montana , High ,1715,5.0,20.0,34300.0,4116.0,30184.0,17150.0,13034.0,2013-10-01, October ,2013
490,Midmarket,Mexico, Amarilla , High ,2157,260.0,15.0,32355.0,3559.05,28795.95,21570.0,7225.95,2014-12-01, December ,2014
491,Government,France, Paseo , High ,1594,10.0,350.0,557900.0,66948.0,490952.0,414440.0,76512.0,2014-11-01, November ,2014
492,Government,United States of America, Velo , High ,986,120.0,350.0,345100.0,41412.0,303688.0,256360.0,47328.0,2014-10-01, October ,2014
493,Government,Mexico, Paseo , High ,905,10.0,20.0,18100.0,2172.0,15928.0,9050.0,6878.0,2014-10-01, October ,2014
494,Small Business,Germany, Paseo , High ,1359,10.0,300.0,407700.0,48924.0,358776.0,339750.0,19026.0,2014-11-01, November ,2014
495,Small Business,France, Montana , High ,1773,5.0,300.0,531900.0,63828.0,468072.0,443250.0,24822.0,2014-04-01, April ,2014
496,Government,Mexico, Paseo , High ,1233,10.0,20.0,24660.0,2959.2,21700.8,12330.0,9370.8,2014-12-01, December ,2014
497,Small Business,Mexico, Paseo , High ,2150,10.0,300.0,645000.0,77400.0,567600.0,537500.0,30100.0,2014-11-01, November ,2014
498,Government,Mexico, Paseo , High ,1715,10.0,20.0,34300.0,4116.0,30184.0,17150.0,13034.0,2013-10-01, October ,2013
499,Midmarket,Mexico, Paseo , High ,380,10.0,15.0,5700.0,684.0,5016.0,3800.0,1216.0,2013-12-01, December ,2013
500,Government,Mexico, Paseo , High ,1197,10.0,350.0,418950.0,50274.0,368676.0,311220.0,57456.0,2014-11-01, November ,2014
501,Channel Partners,Canada, VTT , High ,2109,250.0,12.0,25308.0,3036.96,22271.04,6327.0,15944.04,2014-05-01, May ,2014
502,Midmarket,France, VTT , High ,3874.5,250.0,15.0,58117.5,6974.1,51143.4,38745.0,12398.4,2014-07-01, July ,2014
503,Government,Mexico, Velo , High ,905,120.0,20.0,18100.0,2172.0,15928.0,9050.0,6878.0,2014-10-01, October ,2014
504,Government,Canada, VTT , High ,623,250.0,350.0,218050.0,26166.0,191884.0,161980.0,29904.0,2013-09-01, September ,2013
505,Government,Mexico, VTT , High ,1233,250.0,20.0,24660.0,2959.2,21700.8,12330.0,9370.8,2014-12-01, December ,2014
506,Government,United States of America, Amarilla , High ,270,260.0,350.0,94500.0,11340.0,83160.0,70200.0,12960.0,2014-02-01, February ,2014
507,Enterprise,United States of America, VTT , High ,2387,250.0,125.0,298375.0,35805.0,262570.0,286440.0,23870.0,2014-11-01, November ,2014
508,Government,United States of America, VTT , High ,986,250.0,350.0,345100.0,41412.0,303688.0,256360.0,47328.0,2014-10-01, October ,2014
509,Government,Canada, Amarilla , High ,2734,260.0,7.0,19138.0,2296.56,16841.44,13670.0,3171.44,2014-10-01, October ,2014
510,Midmarket,United States of America, Amarilla , High ,2548,260.0,15.0,38220.0,4586.4,33633.6,25480.0,8153.6,2013-11-01, November ,2013
511,Government,France, Amarilla , High ,3421.5,260.0,7.0,23950.5,2874.06,21076.44,17107.5,3968.94,2014-07-01, July ,2014
512,Government,Germany, Paseo , High ,1531,10.0,20.0,30620.0,3674.4,26945.6,15310.0,11635.6,2014-12-01, December ,2014
513,Government,France, Carretera , High ,2521.5,3.0,20.0,50430.0,6051.6,44378.4,25215.0,19163.4,2014-01-01, January ,2014
514,Government,Germany, VTT , High ,1531,250.0,20.0,30620.0,3674.4,26945.6,15310.0,11635.6,2014-12-01, December ,2014
515,Government,France, VTT , High ,1491,250.0,7.0,10437.0,1252.44,9184.56,7455.0,1729.56,2014-03-01, March ,2014
516,Channel Partners,Canada, Amarilla , High ,2761,260.0,12.0,33132.0,3975.84,29156.16,8283.0,20873.16,2013-09-01, September ,2013
517,Channel Partners,Mexico, Montana , High ,2661,5.0,12.0,31932.0,3831.84,28100.16,7983.0,20117.16,2014-05-01, May ,2014
518,Midmarket,United States of America, VTT , High ,2567,250.0,15.0,38505.0,5005.65,33499.35,25670.0,7829.35,2014-06-01, June ,2014
519,Midmarket,United States of America, Carretera , High ,2567,3.0,15.0,38505.0,5005.65,33499.35,25670.0,7829.35,2014-06-01, June ,2014
520,Government,France, Carretera , High ,1790,3.0,350.0,626500.0,81445.0,545055.0,465400.0,79655.0,2014-03-01, March ,2014
521,Government,Germany, Carretera , High ,442,3.0,20.0,8840.0,1149.2,7690.8,4420.0,3270.8,2013-09-01, September ,2013
522,Government,United States of America, Montana , High ,1298,5.0,7.0,9086.0,1181.18,7904.82,6490.0,1414.82,2014-02-01, February ,2014
523,Government,United States of America, Montana , High ,982.5,5.0,350.0,343875.0,44703.75,299171.25,255450.0,43721.25,2014-01-01, January ,2014
524,Government,Mexico, Montana , High ,2255,5.0,20.0,45100.0,5863.0,39237.0,22550.0,16687.0,2014-07-01, July ,2014
525,Government,Canada, Carretera , High ,923,3.0,350.0,323050.0,41996.5,281053.5,239980.0,41073.5,2014-03-01, March ,2014
526,Government,United States of America, Paseo , High ,1438.5,10.0,7.0,10069.5,1309.04,8760.47,7192.5,1567.97,2014-01-01, January ,2014
527,Government,United States of America, Paseo , High ,2641,10.0,20.0,52820.0,6866.6,45953.4,26410.0,19543.4,2014-02-01, February ,2014
528,Channel Partners,Mexico, Montana , High ,604,5.0,12.0,7248.0,942.24,6305.76,1812.0,4493.76,2014-06-01, June ,2014
529,Government,Canada, Montana , High ,1249,5.0,20.0,24980.0,3247.4,21732.6,12490.0,9242.6,2014-10-01, October ,2014
530,Government,Canada, Paseo , High ,2632,10.0,350.0,921200.0,119756.0,801444.0,684320.0,117124.0,2014-06-01, June ,2014
531,Enterprise,Canada, Paseo , High ,1583,10.0,125.0,197875.0,25723.75,172151.25,189960.0,17808.75,2014-06-01, June ,2014
532,Small Business,Germany, Paseo , High ,807,10.0,300.0,242100.0,31473.0,210627.0,201750.0,8877.0,2014-01-01, January ,2014
533,Government,France, Paseo , High ,2696,10.0,7.0,18872.0,2453.36,16418.64,13480.0,2938.64,2014-08-01, August ,2014
534,Channel Partners,Mexico, Paseo , High ,571,10.0,12.0,6852.0,890.76,5961.24,1713.0,4248.24,2014-07-01, July ,2014
535,Government,Germany, Paseo , High ,357,10.0,350.0,124950.0,16243.5,108706.5,92820.0,15886.5,2014-11-01, November ,2014
536,Midmarket,France, Velo , High ,3997.5,120.0,15.0,59962.5,7795.13,52167.38,39975.0,12192.38,2014-01-01, January ,2014
537,Midmarket,Canada, Paseo , High ,1565,10.0,15.0,23475.0,3051.75,20423.25,15650.0,4773.25,2014-10-01, October ,2014
538,Government,Germany, Paseo , High ,2708,10.0,20.0,54160.0,7040.8,47119.2,27080.0,20039.2,2014-02-01, February ,2014
539,Government,Canada, Paseo , High ,1249,10.0,20.0,24980.0,3247.4,21732.6,12490.0,9242.6,2014-10-01, October ,2014
540,Channel Partners,Germany, Paseo , High ,1013,10.0,12.0,12156.0,1580.28,10575.72,3039.0,7536.72,2014-12-01, December ,2014
541,Government,France, Velo , High ,1190,120.0,7.0,8330.0,1082.9,7247.1,5950.0,1297.1,2014-06-01, June ,2014
542,Government,Canada, Velo , High ,2632,120.0,350.0,921200.0,119756.0,801444.0,684320.0,117124.0,2014-06-01, June ,2014
543,Channel Partners,Mexico, Velo , High ,410,120.0,12.0,4920.0,639.6,4280.4,1230.0,3050.4,2014-10-01, October ,2014
544,Small Business,Mexico, Velo , High ,2605,120.0,300.0,781500.0,101595.0,679905.0,651250.0,28655.0,2013-11-01, November ,2013
545,Channel Partners,Mexico, Velo , High ,604,120.0,12.0,7248.0,942.24,6305.76,1812.0,4493.76,2014-06-01, June ,2014
546,Midmarket,Germany, Velo , High ,660,120.0,15.0,9900.0,1287.0,8613.0,6600.0,2013.0,2013-09-01, September ,2013
547,Midmarket,Canada, VTT , High ,1565,250.0,15.0,23475.0,3051.75,20423.25,15650.0,4773.25,2014-10-01, October ,2014
548,Channel Partners,Germany, Velo , High ,1013,120.0,12.0,12156.0,1580.28,10575.72,3039.0,7536.72,2014-12-01, December ,2014
549,Enterprise,Canada, VTT , High ,1583,250.0,125.0,197875.0,25723.75,172151.25,189960.0,17808.75,2014-06-01, June ,2014
550,Enterprise,Canada, Amarilla , High ,1659,260.0,125.0,207375.0,26958.75,180416.25,199080.0,18663.75,2014-01-01, January ,2014
551,Government,France, Amarilla , High ,1190,260.0,7.0,8330.0,1082.9,7247.1,5950.0,1297.1,2014-06-01, June ,2014
552,Channel Partners,Mexico, Amarilla , High ,410,260.0,12.0,4920.0,639.6,4280.4,1230.0,3050.4,2014-10-01, October ,2014
553,Channel Partners,Germany, Amarilla , High ,1770,260.0,12.0,21240.0,2761.2,18478.8,5310.0,13168.8,2013-12-01, December ,2013
554,Government,Mexico, Carretera , High ,2579,3.0,20.0,51580.0,7221.2,44358.8,25790.0,18568.8,2014-04-01, April ,2014
555,Government,United States of America, Carretera , High ,1743,3.0,20.0,34860.0,4880.4,29979.6,17430.0,12549.6,2014-05-01, May ,2014
556,Government,United States of America, Carretera , High ,2996,3.0,7.0,20972.0,2936.08,18035.92,14980.0,3055.92,2013-10-01, October ,2013
557,Government,Germany, Carretera , High ,280,3.0,7.0,1960.0,274.4,1685.6,1400.0,285.6,2014-12-01, December ,2014
558,Government,France, Montana , High ,293,5.0,7.0,2051.0,287.14,1763.86,1465.0,298.86,2014-02-01, February ,2014
559,Midmarket,Germany, Paseo , High ,278,10.0,15.0,4170.0,583.8,3586.2,2780.0,806.2,2014-02-01, February ,2014
560,Government,United States of America, Montana , High ,2996,5.0,7.0,20972.0,2936.08,18035.92,14980.0,3055.92,2013-10-01, October ,2013
561,Government,Canada, Paseo , High ,2428,10.0,20.0,48560.0,6798.4,41761.6,24280.0,17481.6,2014-03-01, March ,2014
562,Midmarket,United States of America, Paseo , High ,1767,10.0,15.0,26505.0,3710.7,22794.3,17670.0,5124.3,2014-09-01, September ,2014
563,Channel Partners,France, Paseo , High ,1393,10.0,12.0,16716.0,2340.24,14375.76,4179.0,10196.76,2014-10-01, October ,2014
564,Government,Germany, VTT , High ,280,250.0,7.0,1960.0,274.4,1685.6,1400.0,285.6,2014-12-01, December ,2014
565,Channel Partners,France, Amarilla , High ,1393,260.0,12.0,16716.0,2340.24,14375.76,4179.0,10196.76,2014-10-01, October ,2014
566,Small Business,Mexico, Carretera , High ,801,3.0,300.0,240300.0,33642.0,206658.0,200250.0,6408.0,2014-07-01, July ,2014
567,Small Business,Canada, Carretera , High ,1496,3.0,300.0,448800.0,62832.0,385968.0,374000.0,11968.0,2014-10-01, October ,2014
568,Enterprise,France, Carretera , High ,1023,3.0,125.0,127875.0,17902.5,109972.5,122760.0,12787.5,2013-09-01, September ,2013
569,Channel Partners,United States of America, Amarilla , High ,2015,260.0,12.0,24180.0,3385.2,20794.8,6045.0,14749.8,2013-12-01, December ,2013
570,Small Business,United States of America, Carretera , High ,1010,3.0,300.0,303000.0,42420.0,260580.0,252500.0,8080.0,2014-10-01, October ,2014
571,Midmarket,Germany, Carretera , High ,1513,3.0,15.0,22695.0,3177.3,19517.7,15130.0,4387.7,2014-11-01, November ,2014
572,Enterprise,Mexico, Carretera , High ,2821,3.0,125.0,352625.0,49367.5,303257.5,338520.0,35262.5,2013-12-01, December ,2013
573,Midmarket,Canada, Carretera , High ,2300,3.0,15.0,34500.0,4830.0,29670.0,23000.0,6670.0,2014-12-01, December ,2014
574,Government,Canada, Montana , High ,2227.5,5.0,350.0,779625.0,109147.5,670477.5,579150.0,91327.5,2014-01-01, January ,2014
575,Government,Germany, Montana , High ,1199,5.0,350.0,419650.0,58751.0,360899.0,311740.0,49159.0,2014-04-01, April ,2014
576,Government,Canada, Montana , High ,200,5.0,350.0,70000.0,9800.0,60200.0,52000.0,8200.0,2014-05-01, May ,2014
577,Midmarket,Canada, Montana , High ,2300,5.0,15.0,34500.0,4830.0,29670.0,23000.0,6670.0,2014-12-01, December ,2014
578,Government,Canada, Montana , High ,388,5.0,7.0,2716.0,380.24,2335.76,1940.0,395.76,2014-09-01, September ,2014
579,Government,Mexico, Montana , High ,1727,5.0,7.0,12089.0,1692.46,10396.54,8635.0,1761.54,2013-10-01, October ,2013
580,Midmarket,Canada, Paseo , High ,2470,10.0,15.0,37050.0,5187.0,31863.0,24700.0,7163.0,2013-09-01, September ,2013
581,Midmarket,Canada, Paseo , High ,1743,10.0,15.0,26145.0,3660.3,22484.7,17430.0,5054.7,2013-10-01, October ,2013
582,Government,France, Paseo , High ,1731,10.0,7.0,12117.0,1696.38,10420.62,8655.0,1765.62,2014-10-01, October ,2014
583,Government,Mexico, Paseo , High ,260,10.0,20.0,5200.0,728.0,4472.0,2600.0,1872.0,2014-02-01, February ,2014
584,Channel Partners,United States of America, Paseo , High ,2914,10.0,12.0,34968.0,4895.52,30072.48,8742.0,21330.48,2014-10-01, October ,2014
585,Government,United States of America, Paseo , High ,1177,10.0,350.0,411950.0,57673.0,354277.0,306020.0,48257.0,2014-11-01, November ,2014
586,Government,Canada, Paseo , High ,700,10.0,350.0,245000.0,34300.0,210700.0,182000.0,28700.0,2014-11-01, November ,2014
587,Channel Partners,Canada, Paseo , High ,2222,10.0,12.0,26664.0,3732.96,22931.04,6666.0,16265.04,2013-11-01, November ,2013
588,Enterprise,Mexico, Velo , High ,1575,120.0,125.0,196875.0,27562.5,169312.5,189000.0,19687.5,2014-02-01, February ,2014
589,Small Business,United States of America, Velo , High ,2460,120.0,300.0,738000.0,103320.0,634680.0,615000.0,19680.0,2014-07-01, July ,2014
590,Government,France, Paseo , High ,1922,10.0,350.0,672700.0,94178.0,578522.0,499720.0,78802.0,2013-11-01, November ,2013
591,Government,United States of America, Velo , High ,606,120.0,20.0,12120.0,1696.8,10423.2,6060.0,4363.2,2014-04-01, April ,2014
592,Small Business,Canada, Velo , High ,269,120.0,300.0,80700.0,11298.0,69402.0,67250.0,2152.0,2013-10-01, October ,2013
593,Government,Mexico, VTT , High ,2903,250.0,7.0,20321.0,2844.94,17476.06,14515.0,2961.06,2014-03-01, March ,2014
594,Small Business,Canada, VTT , High ,1496,250.0,300.0,448800.0,62832.0,385968.0,374000.0,11968.0,2014-10-01, October ,2014
595,Small Business,Canada, VTT , High ,269,250.0,300.0,80700.0,11298.0,69402.0,67250.0,2152.0,2013-10-01, October ,2013
596,Small Business,United States of America, VTT , High ,1010,250.0,300.0,303000.0,42420.0,260580.0,252500.0,8080.0,2014-10-01, October ,2014
597,Small Business,United States of America, VTT , High ,2541,250.0,300.0,762300.0,106722.0,655578.0,635250.0,20328.0,2014-08-01, August ,2014
598,Small Business,Canada, Amarilla , High ,888,260.0,300.0,266400.0,37296.0,229104.0,222000.0,7104.0,2014-03-01, March ,2014
599,Enterprise,United States of America, Amarilla , High ,2844,260.0,125.0,355500.0,49770.0,305730.0,341280.0,35550.0,2014-05-01, May ,2014
600,Government,France, VTT , High ,1281,250.0,350.0,448350.0,62769.0,385581.0,333060.0,52521.0,2013-12-01, December ,2013
601,Midmarket,Canada, Amarilla , High ,1743,260.0,15.0,26145.0,3660.3,22484.7,17430.0,5054.7,2013-10-01, October ,2013
602,Channel Partners,France, Amarilla , High ,2475,260.0,12.0,29700.0,4158.0,25542.0,7425.0,18117.0,2014-08-01, August ,2014
603,Government,Mexico, Amarilla , High ,1727,260.0,7.0,12089.0,1692.46,10396.54,8635.0,1761.54,2013-10-01, October ,2013
604,Government,France, Amarilla , High ,1731,260.0,7.0,12117.0,1696.38,10420.62,8655.0,1765.62,2014-10-01, October ,2014
605,Channel Partners,United States of America, Amarilla , High ,2914,260.0,12.0,34968.0,4895.52,30072.48,8742.0,21330.48,2014-10-01, October ,2014
606,Small Business,Germany, Velo , High ,2536,120.0,300.0,760800.0,106512.0,654288.0,634000.0,20288.0,2013-11-01, November ,2013
607,Midmarket,Mexico, Amarilla , High ,1870,260.0,15.0,28050.0,3927.0,24123.0,18700.0,5423.0,2013-11-01, November ,2013
608,Enterprise,Germany, Carretera , High ,1085,3.0,125.0,135625.0,20343.75,115281.25,130200.0,14918.75,2014-10-01, October ,2014
609,Enterprise,Germany, Carretera , High ,2767,3.0,125.0,345875.0,51881.25,293993.75,332040.0,38046.25,2014-08-01, August ,2014
610,Small Business,Mexico, Montana , High ,546,5.0,300.0,163800.0,24570.0,139230.0,136500.0,2730.0,2014-10-01, October ,2014
611,Government,Mexico, Paseo , High ,2535,10.0,7.0,17745.0,2661.75,15083.25,12675.0,2408.25,2014-04-01, April ,2014
612,Midmarket,Canada, Paseo , High ,1614,10.0,15.0,24210.0,3631.5,20578.5,16140.0,4438.5,2014-04-01, April ,2014
613,Government,Germany, Paseo , High ,1158,10.0,20.0,23160.0,3474.0,19686.0,11580.0,8106.0,2014-03-01, March ,2014
614,Enterprise,France, Carretera , High ,1174,3.0,125.0,146750.0,22012.5,124737.5,140880.0,16142.5,2014-08-01, August ,2014
615,Government,United States of America, Paseo , High ,267,10.0,20.0,5340.0,801.0,4539.0,2670.0,1869.0,2013-10-01, October ,2013
616,Government,Mexico, Paseo , High ,2851,10.0,350.0,997850.0,149677.5,848172.5,741260.0,106912.5,2014-05-01, May ,2014
617,Midmarket,Germany, Paseo , High ,1175,10.0,15.0,17625.0,2643.75,14981.25,11750.0,3231.25,2014-10-01, October ,2014
618,Enterprise,Germany, Paseo , High ,1085,10.0,125.0,135625.0,20343.75,115281.25,130200.0,14918.75,2014-10-01, October ,2014
619,Government,United States of America, Paseo , High ,2007,10.0,350.0,702450.0,105367.5,597082.5,521820.0,75262.5,2013-11-01, November ,2013
620,Midmarket,Canada, Paseo , High ,2559,10.0,15.0,38385.0,5757.75,32627.25,25590.0,7037.25,2014-08-01, August ,2014
621,Channel Partners,United States of America, Paseo , High ,914,10.0,12.0,10968.0,1645.2,9322.8,2742.0,6580.8,2014-12-01, December ,2014
622,Government,Mexico, Paseo , High ,2151,10.0,350.0,752850.0,112927.5,639922.5,559260.0,80662.5,2013-11-01, November ,2013
623,Government,France, Paseo , High ,293,10.0,20.0,5860.0,879.0,4981.0,2930.0,2051.0,2014-12-01, December ,2014
624,Channel Partners,Mexico, Velo , High ,500,120.0,12.0,6000.0,900.0,5100.0,1500.0,3600.0,2014-03-01, March ,2014
625,Midmarket,France, Velo , High ,2826,120.0,15.0,42390.0,6358.5,36031.5,28260.0,7771.5,2014-05-01, May ,2014
626,Enterprise,France, Velo , High ,663,120.0,125.0,82875.0,12431.25,70443.75,79560.0,9116.25,2014-09-01, September ,2014
627,Small Business,United States of America, Velo , High ,2574,120.0,300.0,772200.0,115830.0,656370.0,643500.0,12870.0,2013-11-01, November ,2013
628,Channel Partners,United States of America, Velo , High ,914,120.0,12.0,10968.0,1645.2,9322.8,2742.0,6580.8,2014-12-01, December ,2014
629,Government,Canada, VTT , High ,865.5,250.0,20.0,17310.0,2596.5,14713.5,8655.0,6058.5,2014-07-01, July ,2014
630,Enterprise,United States of America, Velo , High ,2438,120.0,125.0,304750.0,45712.5,259037.5,292560.0,33522.5,2013-12-01, December ,2013
631,Government,United States of America, VTT , High ,267,250.0,20.0,5340.0,801.0,4539.0,2670.0,1869.0,2013-10-01, October ,2013
632,Midmarket,Germany, VTT , High ,492,250.0,15.0,7380.0,1107.0,6273.0,4920.0,1353.0,2014-07-01, July ,2014
633,Midmarket,Germany, VTT , High ,1175,250.0,15.0,17625.0,2643.75,14981.25,11750.0,3231.25,2014-10-01, October ,2014
634,Government,France, VTT , High ,293,250.0,20.0,5860.0,879.0,4981.0,2930.0,2051.0,2014-12-01, December ,2014
635,Enterprise,Canada, VTT , High ,2954,250.0,125.0,369250.0,55387.5,313862.5,354480.0,40617.5,2013-11-01, November ,2013
636,Small Business,France, Amarilla , High ,2475,260.0,300.0,742500.0,111375.0,631125.0,618750.0,12375.0,2014-03-01, March ,2014
637,Enterprise,Germany, VTT , High ,552,250.0,125.0,69000.0,10350.0,58650.0,66240.0,7590.0,2014-11-01, November ,2014
638,Government,Canada, Paseo , High ,723,10.0,7.0,5061.0,759.15,4301.85,3615.0,686.85,2014-04-01, April ,2014
639,Government,Mexico, Montana , High ,1368,5.0,7.0,9576.0,1436.4,8139.6,6840.0,1299.6,2014-02-01, February ,2014
640,Channel Partners,United States of America, VTT , High ,1806,250.0,12.0,21672.0,3250.8,18421.2,5418.0,13003.2,2014-05-01, May ,2014
641,Small Business,Mexico, Amarilla , High ,546,260.0,300.0,163800.0,24570.0,139230.0,136500.0,2730.0,2014-10-01, October ,2014
